month, m,Kext,Kn,Ln,Qn,Qe,Qh,Qg, bowen,alb, ta, tas, ts, ua, va,omg, uas, vas,slp, Qdv,shm, clt, pre,evap, pme,sm,ro, dS,snd
Jan,1,-4.943,-1.084,0.1847,-0.8997,-0.6598,6.91E-02,-0.309,2.826,0.9303,-0.6828,-0.6185,-0.6181,-0.7659,-0.4554,7.08E-04,7.96E-02,-7.92E-04,108.2,1.69E-10,-9.12E-05,7.61E-02,-6.95E-02,-2.22E-02,-4.73E-02,6.109,-2.82E-02,-2.45E-02,1.15E-02
Feb,2,-7.21,-2.494,0.8633,-1.631,-0.8606,-0.2386,-0.5319,5.80E-02,1.304,-0.6987,-0.738,-0.7487,-9.16E-02,-0.2986,-1.22E-03,0.1236,-3.44E-03,-30.6,-2.86E-11,-8.06E-05,0.8425,-1.98E-02,-2.92E-02,9.39E-03,5.97,-3.30E-02,4.12E-02,1.48E-02
Mar,3,-11.57,-5.251,2.08,-3.17,-1.405,0.8693,-2.635,0.1058,1.765,-1.442,-1.471,-1.452,-0.5966,-0.1428,-2.58E-04,-0.1233,-0.1196,57.08,6.27E-11,-1.87E-04,1.534,-6.73E-02,-4.98E-02,-1.75E-02,2.226,-0.1548,0.1373,2.74E-02
Apr,4,-10.06,-7.502,2.652,-4.85,-1.16,-1.407,-2.283,-4.24E-02,1.49,-1.838,-1.81,-1.82,-0.3535,-0.2941,6.37E-04,-0.1684,-0.1127,67.5,-4.33E-11,-2.27E-04,1.465,-1.14E-02,-4.25E-02,3.11E-02,-8.022,3.87E-02,-7.62E-03,3.74E-02
May,5,1.849,1.911,-2.77E-02,1.883,0.1922,-0.2323,1.923,-9.97E-02,0.3063,-0.6914,-0.7393,-0.7458,-0.394,5.84E-02,6.20E-04,-0.1341,-5.79E-03,-16.96,-5.21E-11,-1.17E-04,0.3167,-2.21E-03,6.36E-03,-8.57E-03,-7.749,0.1337,-0.1423,4.78E-03
Jun,6,18.5,11.39,-2.357,9.037,2.215,4.339,2.483,-0.2305,-2.58E-02,0.7567,0.7095,0.7819,-0.4828,0.1795,-7.79E-04,-7.53E-02,-2.97E-03,-170.5,-8.92E-11,6.12E-05,0.2289,2.11E-02,7.65E-02,-5.55E-02,-3.578,-1.69E-03,-5.38E-02,1.20E-05
Jul,7,27.08,16.22,-3.681,12.54,2.127,7.381,3.029,1.91,-6.16E-02,2.432,2.359,2.489,-0.2233,0.4293,-9.03E-04,-0.1522,-1.99E-02,-282.4,-5.39E-10,4.57E-04,-1.188,1.32E-02,7.35E-02,-6.03E-02,-3.229,2.64E-03,-6.29E-02,5.72E-08
Aug,8,19.95,13.47,-4.166,9.302,1.112,6.407,1.784,9.94E+09,-2.87E-02,3.077,2.928,3.034,-0.3914,0.364,-8.09E-04,-0.2547,-3.58E-02,-265.3,-2.07E-10,5.66E-04,-1.908,4.30E-02,3.84E-02,4.61E-03,-3.685,1.93E-02,-1.47E-02,-1.49E-05
Sep,9,2.917,1.944,-1.804,0.1404,-0.1672,1.315,-1.007,3.93E+13,3.36E-02,1.305,1.198,1.222,0.2825,0.355,-4.32E-04,-0.1269,-1.96E-02,-98.25,6.90E-11,1.70E-04,-1.071,-3.45E-03,-5.68E-03,2.23E-03,-3.679,5.20E-03,-2.97E-03,-2.47E-04
Oct,10,-10.95,-6.312,2.359,-3.953,-0.2974,-2.27,-1.386,-0.8301,0.2792,9.69E-02,-5.84E-02,-8.82E-02,0.2607,8.41E-02,-1.18E-04,3.07E-02,8.13E-02,27.61,-4.74E-11,2.18E-05,1.674,4.69E-02,-9.83E-03,5.67E-02,-1.93,5.35E-04,5.62E-02,5.58E-04
Nov,11,-13.27,-5.3,2.412,-2.887,-0.605,-1.674,-0.6085,-0.6383,0.9033,-0.3205,-0.3854,-0.4046,0.2797,-1.00E-01,7.77E-04,0.19,0.1283,27.54,-3.09E-11,-2.45E-05,1.646,9.03E-03,-2.06E-02,2.96E-02,0.5977,-9.93E-04,3.06E-02,6.59E-03
Dec,12,-8.257,-2.74,0.9081,-1.831,-0.6645,-1.091,-7.56E-02,-0.4798,1.182,-0.5592,-0.7148,-0.7503,0.2309,-0.2075,-1.35E-03,0.1401,7.61E-02,6.946,-6.12E-11,-5.27E-05,0.4866,4.37E-03,-2.25E-02,2.68E-02,5.209,-1.46E-02,4.01E-02,1.36E-02
Jan,1,-4.986,-2.979,1.245,-1.734,-0.8321,-0.9235,2.16E-02,-26.86,3.36,-1.197,-1.817,-1.887,0.2069,-0.1857,-1.88E-03,0.1016,4.38E-02,0.8394,-2.36E-11,-9.96E-05,-0.6481,-4.91E-03,-2.86E-02,2.37E-02,-26.49,-5.40E-03,2.79E-02,2.83E-02
Feb,2,-7.271,-4.556,1.427,-3.128,-1.111,-1.487,-0.5301,2.349,3.138,-1.497,-2.015,-2.085,0.427,-0.4952,-1.28E-03,0.1597,6.75E-02,62.05,-7.26E-11,-1.22E-04,-0.5557,-2.91E-02,-3.87E-02,9.54E-03,-27.16,-1.73E-02,2.49E-02,3.49E-02
Mar,3,-11.65,-10.15,3.333,-6.816,-2.065,-2.841,-1.91,-0.4882,4.133,-1.785,-2.408,-2.476,0.1109,-0.233,-1.99E-03,7.34E-02,5.35E-02,11.42,-3.96E-11,-1.69E-04,0.6567,-3.54E-02,-7.34E-02,3.80E-02,-29.01,-5.85E-02,9.35E-02,5.01E-02
Apr,4,-10.12,-10.43,3.009,-7.423,-2.64,-5.157,0.3748,-0.1075,2.714,-1.557,-1.981,-2.067,4.33E-02,-2.03E-02,-5.29E-04,-1.04E-02,2.89E-02,45.21,-7.64E-11,-2.39E-04,1.113,-4.43E-02,-9.40E-02,4.97E-02,-28.07,5.37E-02,-5.23E-03,3.94E-02
May,5,1.858,-1.224,0.2318,-0.9918,-1.893,-0.2453,1.147,-3.15E-02,0.7114,-1.177,-1.114,-1.087,0.7153,-0.1163,7.03E-05,-2.56E-02,-9.29E-04,-24.39,-7.46E-11,-2.36E-04,0.7901,-2.54E-02,-6.60E-02,4.06E-02,-20.18,4.72E-02,-6.46E-03,8.88E-03
Jun,6,18.59,10.19,-2.543,7.65,0.4676,4.523,2.66,0.1307,0.1695,0.2311,0.3078,0.4534,-3.27E-02,4.32E-03,-1.22E-04,-7.50E-02,-4.12E-02,-109.3,3.06E-11,-1.17E-04,0.496,-3.44E-02,1.62E-02,-5.05E-02,-20.27,8.82E-03,-6.14E-02,5.88E-04
Jul,7,27.21,16.38,-3.876,12.51,2.001,6.703,3.802,4.32E-02,0.1736,2.05,2.123,2.322,-0.3028,0.188,9.23E-04,-0.1538,-4.81E-02,-189.3,-3.94E-11,2.86E-04,-0.9931,-7.21E-02,6.91E-02,-0.1412,-23.75,-2.11E-03,-0.1473,-2.99E-06
Aug,8,20.06,11.32,-2.19,9.127,1.844,4.912,2.371,-0.2297,0.1307,2.548,2.574,2.727,-0.4684,0.2591,-6.76E-04,-0.2125,-5.22E-02,-226.5,-1.83E-10,5.92E-04,-0.7983,1.00E-03,6.37E-02,-6.27E-02,-27.43,1.06E-03,-7.13E-02,-1.71E-05
Sep,9,2.959,0.257,-0.2386,1.85E-02,0.3042,0.6139,-0.8996,-0.4345,8.48E-02,0.9431,0.9983,1.034,0.2809,0.1694,-9.01E-05,-9.48E-02,1.36E-03,-17.81,2.65E-11,2.55E-04,0.308,7.82E-03,1.05E-02,-2.67E-03,-27.15,3.94E-03,8.59E-04,-6.26E-05
Oct,10,-10.99,-7.563,2.674,-4.888,-0.6598,-2.178,-2.051,-0.5065,0.539,-0.3304,-0.5567,-0.5875,0.7815,-0.1334,2.65E-05,-2.86E-02,5.52E-02,21.11,1.10E-10,-7.01E-06,1.808,2.53E-02,-2.31E-02,4.84E-02,-25.97,6.86E-03,4.82E-02,1.47E-03
Nov,11,-13.37,-7.168,2.639,-4.529,-1.081,-1.994,-1.454,-41.61,2.762,-0.8464,-1.428,-1.483,0.2708,-0.1143,-1.00E-04,4.17E-02,7.96E-02,55.45,-8.91E-12,-5.84E-05,0.6406,9.12E-03,-3.76E-02,4.67E-02,-24.74,-3.99E-04,4.84E-02,1.03E-02
Dec,12,-8.319,-4.508,2.202,-2.306,-0.8917,-1.592,0.177,-7.321,4.313,-0.9544,-1.456,-1.533,0.6237,-6.39E-02,-1.59E-03,0.1179,8.92E-02,-44.56,-1.09E-10,-6.34E-05,0.402,1.94E-02,-3.08E-02,5.02E-02,-25.11,-2.77E-03,5.23E-02,2.10E-02
Jan,1,-4.892,-1.681,0.9155,-0.7653,-0.2267,-0.5354,-3.16E-03,6.216,-0.1192,3.13E-02,0.3177,0.3063,-0.205,-0.4116,-2.77E-04,0.1784,6.20E-02,62.61,-4.31E-11,3.21E-05,1.279,1.42E-02,-7.38E-03,2.16E-02,0.7524,7.64E-03,1.40E-02,-2.33E-03
Feb,2,-7.419,-2.24,0.7334,-1.506,-0.4162,-0.8587,-0.2314,-0.4839,-0.1976,-0.24,-5.75E-02,-8.51E-02,-0.3665,-0.1939,-6.68E-04,0.1268,8.86E-02,2.932,-2.79E-11,4.44E-06,1.524,-1.85E-02,-1.31E-02,-5.43E-03,0.6209,-4.66E-03,-7.64E-04,-2.32E-03
Mar,3,-11.93,-3.949,0.1395,-3.81,-0.848,-1.788,-1.174,8.88E-02,0.2576,-0.7453,-0.8876,-0.9492,-0.3164,-7.09E-02,-5.03E-04,-4.14E-02,2.51E-02,-6.545,-1.70E-11,-7.94E-05,0.3271,-3.62E-02,-2.70E-02,-9.20E-03,0.1657,-5.99E-02,5.07E-02,-1.97E-03
Apr,4,-10.09,-7.426,1.551,-5.874,-1.504,-3.065,-1.305,9.86E-02,1.802,-1.089,-1.297,-1.388,0.2595,-0.1025,-9.51E-04,6.83E-03,5.16E-02,20.64,-6.11E-11,-1.26E-04,1.209,-2.27E-02,-5.31E-02,3.04E-02,-0.9458,-9.03E-02,0.1207,-5.14E-04
May,5,2.564,-1.334,0.8312,-0.5024,-0.1676,-1.391,1.056,2.15E-02,0.9956,-0.6519,-0.7801,-0.8511,0.2818,0.1269,-6.01E-04,5.22E-02,4.83E-02,-23.97,-4.21E-11,-1.12E-04,0.9932,1.65E-02,-1.05E-02,2.70E-02,0.8299,0.1403,-0.1133,-9.56E-04
Jun,6,19.71,9.102,-0.6059,8.497,4.604,2.197,1.695,-0.1205,-2.78E-02,0.6893,0.6638,0.7244,-0.2976,8.09E-02,5.80E-04,-5.80E-02,-2.53E-02,-136.5,5.44E-11,1.89E-04,-9.29E-02,7.51E-02,0.1589,-8.38E-02,1.171,4.89E-02,-0.1326,-2.90E-03
Jul,7,27.96,13.43,-0.9502,12.48,5.718,5.413,1.349,-0.1493,-0.1194,2.31,2.383,2.498,-0.11,0.1972,1.37E-03,-0.1041,-7.93E-02,-300.6,-4.40E-11,7.59E-04,-1.516,7.61E-02,0.1976,-0.1215,-1.095,-2.32E-02,-9.84E-02,-5.68E-03
Aug,8,20.07,8.804,-0.6711,8.133,2.927,4.363,0.8429,-4.58E-02,-0.1068,2.872,2.899,3.02,0.1746,0.2724,8.29E-04,-0.1107,2.24E-03,-248.7,-1.00E-11,8.48E-04,-1.271,2.15E-02,0.1012,-7.97E-02,-3.683,-1.78E-02,-6.19E-02,-3.37E-03
Sep,9,2.637,-0.7974,0.7983,9.82E-04,0.6032,-0.177,-0.4252,-0.2637,-0.1922,1.859,1.739,1.745,0.3881,0.2128,-2.46E-06,-6.76E-02,1.42E-02,-136,6.11E-11,4.69E-04,1.03E-02,3.63E-02,2.16E-02,1.47E-02,-3.733,-4.07E-03,1.88E-02,-2.74E-03
Oct,10,-11.08,-6.924,2.444,-4.48,-0.928,-3.062,-0.4896,-0.4243,-0.3538,0.7875,0.5933,0.5244,-0.6141,-7.37E-03,3.24E-04,-0.1073,2.80E-02,22.39,6.81E-11,1.96E-04,1.068,1.64E-02,-2.97E-02,4.60E-02,-2.114,-6.12E-03,5.21E-02,-2.82E-03
Nov,11,-13.17,-6.794,2.633,-4.162,-0.5273,-2.478,-1.156,1.66E-02,0.3562,6.22E-02,-0.1454,-0.2244,-0.5227,0.106,-9.69E-05,-2.50E-02,6.68E-02,57.85,-2.31E-11,4.65E-05,1.419,3.18E-02,-1.71E-02,4.89E-02,-0.5758,-5.71E-03,5.46E-02,-2.63E-03
Dec,12,-8.091,-3.561,1.538,-2.022,-0.1595,-1.774,-8.93E-02,17.6,0.529,7.75E-02,0.1282,6.41E-02,0.1047,0.1268,-9.29E-04,0.154,0.1571,-22.16,-1.19E-10,2.53E-05,1.498,5.20E-02,-5.08E-03,5.71E-02,0.4065,1.41E-02,4.30E-02,-2.45E-03
Jan,1,-4.985,-1.983,0.7222,-1.26,-0.3842,-0.7196,-0.1565,-0.4903,0.8897,-0.5773,-0.7147,-0.7945,0.5717,-0.1123,-7.81E-04,0.1016,4.38E-02,14.13,-2.72E-11,-5.28E-05,-0.2459,-1.03E-03,-1.33E-02,1.23E-02,-5.193,-3.10E-05,1.23E-02,1.40E-02
Feb,2,-7.343,-2.81,0.6528,-2.157,-1.08,-1.309,0.2318,4.19E-02,0.6682,-0.1913,-0.4674,-0.5515,0.1139,-0.239,-1.37E-04,0.1597,6.75E-02,79.23,-6.73E-11,-1.48E-05,-9.73E-02,-4.17E-02,-3.73E-02,-4.40E-03,-5.394,-1.34E-03,-3.55E-03,1.69E-02
Mar,3,-11.64,-5.592,0.6193,-4.972,-1.993,-2.485,-0.4946,-7.38E-02,1.25,-1.87E-02,-0.8274,-0.9078,-0.4849,-0.3092,3.74E-04,7.34E-02,5.35E-02,126.3,-4.78E-11,-3.88E-05,0.2604,-6.32E-02,-6.88E-02,5.65E-03,-6.464,-2.60E-02,2.50E-02,2.16E-02
Apr,4,-9.905,-5.69,1.067,-4.623,-1.593,-1.995,-1.035,-6.21E-02,1.09,-0.8292,-1.079,-1.097,-0.2877,-0.1591,5.79E-07,-1.04E-02,2.89E-02,36.86,-2.78E-12,-1.45E-04,1.62,-1.22E-02,-5.50E-02,4.29E-02,-2.485,1.23E-02,3.33E-02,1.26E-02
May,5,2.245,2.136,-0.2246,1.912,0.3514,0.7497,0.8103,-9.81E-03,5.03E-02,-0.5448,-0.5861,-0.581,0.1209,-8.90E-02,2.65E-04,-2.56E-02,-9.29E-04,-19.37,-3.26E-11,-1.11E-04,0.9177,2.29E-02,1.21E-02,1.07E-02,1.191,-7.64E-03,1.63E-02,1.99E-04
Jun,6,18.91,11,-1.808,9.191,3.914,3.785,1.492,9.65E-03,-2.29E-04,0.586,0.6796,0.7556,-0.4187,0.1062,-1.16E-04,-7.50E-02,-4.12E-02,-136.2,4.58E-11,9.56E-05,-0.8829,6.85E-02,0.1352,-6.67E-02,-0.2148,-1.36E-02,-5.62E-02,-2.81E-06
Jul,7,27.22,16.45,-3.637,12.81,2.775,7.604,2.431,0.4563,-1.63E-04,2.272,2.401,2.532,-0.4085,5.22E-03,5.53E-04,-0.1538,-4.81E-02,-261.4,8.77E-11,3.66E-04,-3.308,1.69E-02,9.59E-02,-7.90E-02,-2.408,-1.34E-02,-6.87E-02,3.35E-07
Aug,8,19.75,13.24,-5.936,7.307,-1.113,7.304,1.117,1.556,2.95E-03,2.505,2.608,2.715,0.204,0.1426,1.36E-03,-0.2125,-5.22E-02,-218.2,1.17E-10,8.63E-05,-5.826,-0.1071,-3.85E-02,-6.87E-02,-4.303,-2.23E-02,-5.35E-02,-2.17E-06
Sep,9,2.551,2.707,-3.839,-1.132,-2.046,1.637,-0.7223,1.202,-4.29E-02,1.211,1.207,1.221,0.1477,0.2099,1.12E-03,-9.48E-02,1.36E-03,-96.02,1.05E-10,7.43E-05,-5.105,-0.1343,-7.07E-02,-6.36E-02,-5.597,-2.29E-02,-4.94E-02,-8.56E-05
Oct,10,-11.23,-5.659,0.5383,-5.121,-1.394,-2.59,-1.138,9.67E-02,2.27E-02,0.368,-5.73E-02,-0.1256,-0.451,-4.05E-02,6.52E-04,-2.86E-02,5.52E-02,-2.124,-3.24E-11,6.27E-05,-2.211,-3.14E-02,-4.82E-02,1.67E-02,-5.19,-2.93E-03,1.86E-02,2.46E-04
Nov,11,-13.37,-5.791,0.8485,-4.943,-1.089,-2.324,-1.53,-0.317,0.9172,-0.4491,-1.019,-1.108,-2.84E-02,-8.42E-02,3.32E-04,4.17E-02,7.96E-02,30.08,-2.94E-12,-7.84E-05,-0.7162,-2.09E-02,-3.76E-02,1.67E-02,-4.81,-3.71E-05,1.67E-02,4.01E-03
Dec,12,-8.253,-3.575,1.785,-1.789,-0.4986,-1.207,-8.35E-02,-1.573,1.154,-0.5452,-0.7222,-0.8002,0.9591,-0.199,-7.46E-04,0.1179,8.92E-02,-4.232,-3.48E-11,-3.24E-05,0.229,3.14E-02,-1.72E-02,4.86E-02,-4.897,-8.55E-06,4.86E-02,9.06E-03
Jan,1,-4.988,-1.737,0.9767,-0.7608,-0.1822,-0.4296,-0.149,-75.68,0.45,-0.29,-0.4987,-0.5323,-0.1035,-6.82E-02,-5.00E-04,0.1016,4.38E-02,54.41,-6.25E-11,-1.20E-05,-2.41E-02,-7.90E-03,-6.30E-03,-1.60E-03,-1.667,-1.17E-04,-1.59E-03,2.50E-02
Feb,2,-7.348,-2.946,1.492,-1.454,-0.4174,-0.3671,-0.6692,14.52,0.6544,-0.6167,-0.7836,-0.8022,-7.11E-02,-0.1742,-6.98E-04,0.1597,6.75E-02,61.93,-4.29E-11,-4.55E-05,0.735,-1.13E-02,-1.44E-02,3.12E-03,-2.314,-3.54E-03,4.09E-03,3.04E-02
Mar,3,-11.65,-7.52,1.861,-5.659,-2.163,-2.093,-1.403,2.477,1.904,-0.7648,-1.079,-1.116,0.1154,-0.3067,-6.36E-04,7.34E-02,5.35E-02,114.3,-6.84E-11,-7.61E-05,1.06,-1.71E-02,-7.48E-02,5.77E-02,-4.614,-1.54E-02,6.49E-02,5.69E-02
Apr,4,-9.9,-5.215,0.8558,-4.359,-1.866,-2.575,8.11E-02,-6.01E-02,0.8036,-0.7316,-0.7796,-0.8308,0.5972,-0.1813,9.75E-05,-1.04E-02,2.89E-02,49.74,-9.73E-11,-1.05E-04,0.8207,-9.70E-03,-6.45E-02,5.48E-02,1.774,1.25E-02,4.82E-02,1.96E-02
May,5,2.263,1.5,0.2234,1.723,0.5297,0.1768,1.017,3.73E-02,3.72E-03,-0.3638,-0.3908,-0.3908,0.3886,-0.1506,1.25E-04,-2.56E-02,-9.29E-04,1.844,-4.32E-11,-4.12E-05,0.3363,3.19E-02,1.83E-02,1.36E-02,3.82,-7.60E-02,2.37E-02,2.09E-06
Jun,6,18.94,10.54,-1.312,9.229,4.315,2.899,2.014,0.1644,2.75E-04,0.8794,0.8793,0.9544,-0.3052,6.99E-02,-3.66E-04,-7.50E-02,-4.12E-02,-111.2,2.66E-12,2.52E-04,-1.237,8.43E-02,0.1491,-6.48E-02,2.151,-0.161,-4.95E-02,1.72E-06
Jul,7,27.24,17.16,-3.409,13.75,3.399,7.282,3.067,0.7929,-1.75E-03,2.27,2.312,2.445,-6.14E-02,0.1795,2.83E-04,-0.1538,-4.81E-02,-261.2,-4.03E-11,4.93E-04,-3.704,5.02E-02,0.1175,-6.73E-02,-0.3488,-0.1706,-4.96E-02,-5.55E-08
Aug,8,19.74,14.12,-4.481,9.642,1.555,6.206,1.881,1,2.92E-03,2.595,2.598,2.704,0.2263,0.2216,7.39E-05,-0.2125,-5.22E-02,-280,9.09E-11,4.73E-04,-4.596,3.54E-02,5.38E-02,-1.84E-02,-2.071,-8.65E-02,-9.02E-03,-1.56E-06
Sep,9,2.534,2.857,-2.668,0.1889,-0.941,1.562,-0.4317,0.8278,-1.78E-03,1.41,1.27,1.287,-3.86E-03,9.29E-02,-3.81E-04,-9.48E-02,1.36E-03,-113.1,1.03E-10,1.96E-04,-2.837,-6.35E-02,-3.25E-02,-3.10E-02,-3.287,-5.49E-02,-2.57E-02,9.25E-06
Oct,10,-11.24,-5.202,0.5383,-4.663,-0.9917,-0.9639,-2.708,9.41E-02,0.3355,-0.257,-0.4227,-0.4379,0.6142,-0.126,-6.98E-05,-2.86E-02,5.52E-02,3.395,5.56E-11,-5.94E-05,-0.27,6.28E-03,-3.43E-02,4.06E-02,-3.367,-2.11E-02,4.26E-02,2.73E-03
Nov,11,-13.37,-5.95,2.187,-3.763,-0.772,-1.745,-1.247,-0.4219,1.114,-0.332,-0.8512,-0.908,-9.37E-02,-4.26E-03,3.22E-05,4.17E-02,7.96E-02,33.57,-4.41E-11,-2.23E-05,0.3294,1.71E-02,-2.67E-02,4.38E-02,-2.641,-3.12E-04,4.38E-02,1.53E-02
Dec,12,-8.248,-3.307,1.664,-1.643,-8.24E-02,-0.8273,-0.7337,-85.45,1.128,-0.4435,-0.8205,-0.8772,-0.1272,1.52E-02,-5.43E-04,0.1179,8.92E-02,47.48,-1.49E-11,-3.80E-05,0.2063,2.62E-03,-2.85E-03,5.47E-03,-1.92,-2.58E-07,5.47E-03,2.56E-02
Jan,1,-5.001,-1.384,-0.796,-2.18,-0.7664,-1.092,-0.3214,-67.96,1.113,-1.082,-1.383,-1.446,-0.1891,-0.1022,-9.31E-05,0.1016,4.38E-02,-18.9,2.40E-11,-1.03E-04,-1.03,-8.37E-02,-2.46E-02,-5.92E-02,-5.922,-2.15E-02,-4.01E-02,3.60E-03
Feb,2,-7.291,-2.038,-1.068,-3.107,-1.252,-1.154,-0.7007,6.74E-02,1.501,-1.316,-1.615,-1.702,-0.5884,9.37E-02,-4.43E-04,0.1597,6.75E-02,35.36,4.60E-11,-1.50E-04,-1.339,-0.1099,-4.10E-02,-6.90E-02,-6.063,-5.71E-02,-1.61E-02,4.90E-03
Mar,3,-11.68,-5.226,0.13,-5.096,-1.838,-1.8,-1.457,-6.33E-02,2.207,-1.33,-1.58,-1.657,0.1369,0.1081,-1.05E-03,7.34E-02,5.35E-02,7.225,-2.46E-11,-1.57E-04,-0.3057,-8.62E-02,-6.34E-02,-2.29E-02,-6.041,-0.1175,9.40E-02,1.67E-02
Apr,4,-10.15,-7.746,0.7636,-6.982,-2.244,-1.858,-2.88,-8.19E-03,3.232,-1.761,-2.01,-2.076,-4.09E-02,-3.31E-02,-7.87E-05,-1.04E-02,2.89E-02,50.82,1.28E-11,-2.58E-04,0.24,-0.1225,-8.37E-02,-3.88E-02,-5.793,-0.288,0.2493,4.06E-02
May,5,1.86,0.4359,-0.5015,-6.57E-02,-1.522,8.99E-02,1.366,6.49E-02,1.422,-1.287,-1.393,-1.403,0.208,-2.61E-02,5.00E-04,-2.56E-02,-9.29E-04,-46.23,3.36E-11,-2.92E-04,0.2588,-6.73E-02,-5.65E-02,-1.09E-02,-5.179,0.2812,-0.2921,1.88E-02
Jun,6,18.64,12.41,-3.78,8.628,-0.4285,6.679,2.377,0.2931,6.86E-02,-0.1776,-0.1021,1.98E-02,-0.3849,0.136,5.29E-05,-7.50E-02,-4.12E-02,-94.5,3.04E-11,-2.81E-04,-0.2335,-6.46E-02,-1.49E-02,-4.97E-02,-5.369,-1.19E-02,-3.79E-02,1.98E-04
Jul,7,27.29,17.07,-5.384,11.69,0.6988,8.313,2.676,0.5107,-2.04E-02,1.711,1.64,1.785,-0.2281,0.3305,-6.11E-04,-0.1538,-4.81E-02,-225.1,-5.90E-11,2.43E-05,-0.819,9.09E-03,2.41E-02,-1.51E-02,-5.472,-2.56E-02,1.05E-02,3.19E-08
Aug,8,20.12,12.24,-4.106,8.132,1.257,5.477,1.399,0.3644,-7.74E-03,1.925,1.839,1.935,-4.17E-02,0.3976,-8.40E-04,-0.2125,-5.22E-02,-243.1,3.62E-11,2.17E-04,-1.049,3.34E-02,4.34E-02,-1.00E-02,-5.045,-9.69E-03,-3.16E-04,-8.42E-06
Sep,9,2.967,0.3054,-0.2625,4.29E-02,7.41E-02,0.2746,-0.3058,0.1068,6.70E-02,0.9406,0.8085,0.8136,-6.77E-02,0.2383,-4.29E-04,-9.48E-02,1.36E-03,-140.6,8.23E-11,1.86E-04,0.2594,1.37E-02,2.92E-03,1.08E-02,-4.88,1.51E-04,1.06E-02,1.18E-05
Oct,10,-11.02,-5.985,1.65,-4.334,-1.046,-1.62,-1.669,-0.1234,0.5383,-0.5595,-0.8911,-0.9144,1.89E-02,2.26E-02,4.51E-04,-2.86E-02,5.52E-02,45.96,5.91E-11,-6.43E-05,0.2976,-1.92E-02,-3.61E-02,1.69E-02,-4.53,-1.10E-02,2.79E-02,3.30E-03
Nov,11,-13.39,-5.296,1.034,-4.262,-1.68,-2.327,-0.2553,9.134,1.612,-0.8946,-1.493,-1.571,-0.1216,-9.08E-02,4.79E-04,4.17E-02,7.96E-02,32.72,-3.23E-11,-9.81E-05,-0.6281,-4.97E-02,-5.51E-02,5.48E-03,-4.665,-1.31E-02,1.84E-02,1.04E-02
Dec,12,-8.34,-2.432,-0.8283,-3.261,-1.087,-1.67,-0.5042,16.2,1.576,-1.106,-1.653,-1.74,-0.4656,-0.1319,1.32E-03,0.1179,8.92E-02,101.8,8.90E-11,-1.41E-04,-2.027,-0.1406,-3.52E-02,-0.1054,-5.48,-3.88E-02,-6.89E-02,9.40E-03
Jan,1,-5.449,-2.425,0.3785,-2.047,-0.7679,-0.3203,-0.9587,22.72,1.335,-0.7115,-1.113,-1.137,-0.6033,-2.19E-02,8.72E-04,0.1626,3.66E-02,97.18,7.24E-11,-7.25E-05,0.297,-4.62E-02,-2.53E-02,-2.08E-02,-4.985,-7.06E-03,-1.38E-02,1.26E-02
Feb,2,-8.082,-4.748,1.592,-3.156,-1.084,-2.078,6.87E-03,-3.769,1.887,-0.8078,-0.7916,-0.836,-0.5025,-0.2026,-5.65E-04,0.5915,0.2294,-1.279,3.21E-12,-7.67E-05,2.069,1.97E-02,-3.64E-02,5.61E-02,-4.997,-1.53E-02,7.14E-02,1.58E-02
Mar,3,-12.63,-7.618,1.855,-5.763,-1.222,-2.742,-1.799,-0.5138,1.891,-1.556,-1.564,-1.638,-0.3508,-0.2224,-1.04E-03,0.1711,0.1257,48.25,-4.08E-11,-1.24E-04,1.035,-9.71E-03,-4.33E-02,3.36E-02,-5.612,-8.05E-02,0.114,2.67E-02
Apr,4,-10.78,-8.981,2.781,-6.2,-0.2376,-5.047,-0.9155,7375,1.69,-1.604,-1.604,-1.715,-0.393,-9.62E-02,4.85E-04,-5.29E-03,0.1604,92.1,-4.80E-11,-9.93E-05,1.151,-1.77E-03,-1.16E-02,9.85E-03,-4.635,-5.55E-02,6.54E-02,2.91E-02
May,5,1.562,-1.089,0.4825,-0.6061,0.2147,-1.721,0.9005,5.11,0.4761,-1.202,-1.218,-1.264,0.1652,-8.48E-02,9.77E-04,6.48E-02,9.71E-02,3.988,-1.32E-11,-1.52E-04,0.8614,-3.07E-02,5.67E-03,-3.64E-02,-1.804,0.1321,-0.1685,8.67E-03
Jun,6,18.56,9.93,-2.084,7.846,1.678,4.24,1.929,-9.87E+04,-1.19E-03,0.1684,0.2487,0.329,-7.98E-02,8.59E-02,-4.14E-05,-0.1033,-3.39E-02,-112.6,-9.63E-11,-7.15E-05,0.4216,1.97E-02,5.80E-02,-3.83E-02,-2.487,6.14E-03,-4.45E-02,-1.28E-05
Jul,7,27.56,17.13,-2.77,14.36,2.754,7.875,3.732,2.65E+15,-9.24E-02,2.267,2.345,2.519,-0.7069,0.2228,5.71E-04,-0.221,-3.68E-02,-321.7,-4.32E-10,3.37E-04,-1.657,1.40E-02,9.51E-02,-8.11E-02,-4.946,-8.79E-03,-7.23E-02,-4.95E-04
Aug,8,20.76,11.51,-1.256,10.26,1.859,6.32,2.08,1.72E+15,-8.52E-02,2.848,2.951,3.107,-0.6976,0.3829,-4.27E-04,-0.375,-3.41E-02,-297.2,-4.88E-10,6.58E-04,-1.979,2.08E-02,6.42E-02,-4.34E-02,-7.36,-6.75E-03,-3.67E-02,-3.72E-04
Sep,9,3.615,-0.2959,1.332,1.036,1.284,0.1118,-0.3596,2651,-7.13E-03,1.798,1.969,2.002,-2.12E-02,0.4212,-1.69E-03,-0.1819,0.1515,-148,-6.93E-11,4.83E-04,-8.64E-03,8.39E-02,4.46E-02,3.93E-02,-8.026,-4.00E-03,4.33E-02,-4.11E-04
Oct,10,-10.46,-6.879,2.861,-4.017,0.3455,-2.577,-1.786,-3.20E+04,0.2162,0.2499,-2.43E-02,-4.72E-02,-0.2196,0.2493,-3.26E-04,-0.2101,0.1058,-1.36,3.53E-11,1.64E-04,1.356,8.10E-02,1.23E-02,6.87E-02,-7.099,-5.06E-03,7.37E-02,1.03E-03
Nov,11,-12.97,-6.413,2.551,-3.862,-0.6486,-2.684,-0.5296,-44.39,0.4574,-0.189,-0.1104,-0.1454,-0.3832,-6.72E-02,2.17E-04,8.03E-02,0.1849,36.75,-7.52E-11,4.64E-05,1.527,3.74E-02,-2.12E-02,5.86E-02,-6.147,-4.22E-03,6.28E-02,6.63E-03
Dec,12,-8.39,-3.691,1.293,-2.398,-0.6778,-1.417,-0.3037,-158.5,0.8369,-0.5758,-0.365,-0.3904,-0.2198,-0.1239,8.50E-04,0.1938,0.1328,54.08,-2.89E-11,-3.91E-05,1.186,1.06E-02,-2.19E-02,3.25E-02,-5.165,-6.69E-03,3.92E-02,1.17E-02
Jan,1,-4.929,-2.15,3.94E-02,-2.11,1.335,0.1467,-3.592,-0.3658,0.8981,-0.3784,-0.4577,-0.3877,-0.1884,5.23E-02,-1.28E-03,6.91E-02,1.23E-02,-75.13,-1.85E-11,-1.17E-05,1.638,4.68E-02,4.61E-02,7.09E-04,-6.973,5.47E-03,-7.50E-03,1.35E-02
Feb,2,-7.201,-3.498,1.60E-02,-3.482,1.386,-1.215,-3.653,-1.724,1.09,-0.6141,-0.5031,-0.4138,0.533,-0.1028,-4.50E-04,0.2433,4.67E-02,-78.91,-7.12E-11,-1.15E-05,1.497,6.73E-02,4.79E-02,1.94E-02,-6.293,9.40E-03,7.42E-03,1.70E-02
Mar,3,-11.37,-5.858,0.5045,-5.354,0.3184,-2.383,-3.29,-0.1433,1.677,-1.177,-1.121,-1.071,5.41E-02,-0.1094,-9.37E-04,0.111,3.26E-02,6.216,-4.23E-11,-6.67E-05,1.64,2.47E-02,1.10E-02,1.37E-02,-4.591,-3.70E-02,5.09E-02,2.36E-02
Apr,4,-9.574,-6.968,0.2213,-6.747,-1.131,-3.443,-2.173,-4.23E-02,2.557,-1.317,-1.41,-1.37,-0.6764,-0.1014,-2.68E-04,-5.60E-02,-1.89E-02,63.53,1.90E-11,-1.50E-04,1.109,-4.04E-02,-3.91E-02,-1.31E-03,-1.212,-3.82E-02,3.57E-02,3.47E-02
May,5,2.432,2.163,-0.7757,1.388,-1.974,0.3578,3.004,8.03E-02,0.8409,-0.799,-0.8924,-0.9211,-0.5297,8.85E-03,-7.91E-05,-3.11E-02,1.15E-02,13.89,2.98E-11,-1.86E-04,0.2957,-9.40E-02,-6.82E-02,-2.57E-02,7.799,0.1928,-0.2168,1.70E-02
Jun,6,18.83,8.947,0.1681,9.115,0.2216,3.167,5.727,-7.59E-02,-5.06E-02,6.68E-02,-6.61E-02,-0.1079,-0.31,7.53E-02,-1.21E-03,-6.18E-02,-5.36E-02,-102.6,4.72E-12,-7.48E-06,0.8317,5.49E-03,7.66E-03,-2.17E-03,1.428,6.32E-02,-6.88E-02,2.58E-03
Jul,7,26.93,10,1.725,11.73,2.8,2.615,6.315,-0.2595,-0.1892,1.107,0.9061,0.8723,-0.4787,0.2033,-1.25E-03,-0.1184,-5.27E-02,-212.9,-2.58E-11,4.05E-04,0.929,5.13E-02,9.68E-02,-4.55E-02,-4.778,1.49E-02,-6.07E-02,1.14E-04
Aug,8,19.39,6.219,1.602,7.822,0.8748,1.758,5.189,-1.51E-02,-0.1848,1.285,1.159,1.113,-2.96E-02,5.54E-02,4.58E-04,-0.1921,-0.1369,-159.7,1.28E-10,4.42E-04,0.3767,-6.09E-02,3.02E-02,-9.11E-02,-9.143,-7.01E-03,-8.23E-02,-1.00E-04
Sep,9,2.266,-1.374,1.872,0.4977,-0.7392,-1.207,2.444,-0.1383,-0.1967,0.5695,0.3903,0.353,-4.44E-02,0.1553,2.82E-05,-0.1207,1.17E-02,-13.46,6.29E-11,2.24E-04,0.8509,-1.00E-02,-2.56E-02,1.55E-02,-10.84,-5.91E-03,2.26E-02,-4.08E-04
Oct,10,-11.37,-7.58,2.241,-5.339,-1.021,-2.682,-1.636,-0.2201,0.1601,-0.444,-0.6582,-0.621,9.61E-02,-2.03E-02,7.11E-04,5.06E-02,1.72E-02,51.9,6.37E-11,-1.60E-05,1.798,-1.43E-02,-3.53E-02,2.09E-02,-10.34,-1.33E-02,3.37E-02,1.64E-03
Nov,11,-13.38,-6.978,2.223,-4.756,-0.2671,-1.9,-2.589,-0.4533,0.9283,-0.4327,-0.7719,-0.7092,-4.77E-02,6.53E-02,-5.20E-04,7.50E-02,7.53E-02,-20.73,-6.33E-11,-9.43E-06,2.432,2.74E-02,-9.23E-03,3.66E-02,-9.123,-6.19E-03,3.83E-02,7.48E-03
Dec,12,-8.216,-3.298,-5.23E-02,-3.35,1.379,0.277,-5.007,-0.4808,1.226,-0.6657,-0.7947,-0.6887,3.64E-02,4.84E-02,1.09E-04,0.1329,2.97E-02,-26.52,1.36E-11,-5.39E-05,1.422,1.45E-02,4.77E-02,-3.32E-02,-7.195,-1.07E-02,-2.25E-02,1.32E-02
Jan,1,-4.688,-2.607,1.447,-1.16,-5.09E-02,-1.116,7.41E-03,-8.366,0.9117,0.3786,0.3733,0.3151,0.2383,-0.1987,-5.00E-04,0.1228,8.83E-02,-41.77,-2.23E-11,3.77E-05,1.926,1.62E-02,-1.36E-03,1.76E-02,-4.985,-7.06E-03,2.47E-02,1.26E-02
Feb,2,-7.003,-3.905,1.532,-2.373,-0.3636,-1.576,-0.4332,2.445,0.8649,-0.1864,-0.3219,-0.382,-0.1667,-0.1108,-6.98E-04,3.44E-02,0.1239,52.95,-9.43E-11,2.98E-05,1.293,3.46E-02,-1.08E-02,4.54E-02,-4.997,-1.53E-02,6.07E-02,1.58E-02
Mar,3,-11.51,-7.834,2.342,-5.492,-0.8361,-3.407,-1.248,0.291,1.43,-0.3306,-0.3922,-0.5195,1.212,6.38E-02,-6.36E-04,0.1451,0.141,-138.9,-1.74E-10,4.21E-05,1.832,8.15E-02,-2.78E-02,0.1093,-5.612,-8.05E-02,0.1898,2.67E-02
Apr,4,-9.919,-8.817,2.677,-6.14,-0.7427,-5.013,-0.385,-9.79E-02,1.632,-0.3276,-0.6453,-0.7884,0.3869,-6.34E-02,9.75E-05,7.05E-02,9.57E-02,-63.97,-1.17E-10,-2.69E-05,1.809,3.86E-02,-3.03E-02,6.89E-02,-4.635,-5.55E-02,0.1244,2.91E-02
May,5,1.812,0.1145,0.3746,0.4891,1.216,-0.8134,8.70E-02,1.422,0.2469,-0.517,-0.4048,-0.4346,0.4071,-0.145,1.25E-04,4.71E-02,-1.28E-02,-27.19,3.70E-11,-7.99E-05,0.7684,6.11E-02,4.10E-02,2.00E-02,-1.804,0.1321,-0.1121,8.67E-03
Jun,6,18.08,8.811,-0.3,8.511,6.108,1.185,1.217,22.22,0.2319,0.8707,0.9277,0.9951,-0.5471,1.31E-02,-3.66E-04,-5.41E-02,-8.24E-02,-164.1,-1.53E-11,4.21E-04,-6.27E-02,0.1049,0.2111,-0.1063,-2.487,6.14E-03,-0.1124,-1.28E-05
Jul,7,26.45,16.48,-3.121,13.36,5.379,5.937,2.045,0.2566,0.3005,2.627,2.737,2.952,-0.6784,1.13E-02,2.83E-04,-0.3045,-0.1149,-267.6,4.40E-12,8.71E-04,-3.409,-8.34E-02,0.1859,-0.2693,-4.946,-8.79E-03,-0.2605,-4.95E-04
Aug,8,19.74,11.97,-3.226,8.745,2.356,5.174,1.215,0.6657,0.312,3.142,3.146,3.343,-0.2538,0.1444,7.39E-05,-0.1661,-8.56E-02,-280.8,5.50E-11,9.14E-04,-3.59,-8.53E-02,8.17E-02,-0.1669,-7.36,-6.75E-03,-0.1602,-3.72E-04
Sep,9,3.236,-3.67E-02,-0.2728,-0.3096,0.1141,0.6572,-1.081,0.7921,0.2839,1.534,1.439,1.46,1.224,0.1164,-3.81E-04,4.61E-02,-1.33E-02,-184.4,8.91E-11,3.67E-04,-1.075,3.13E-02,5.08E-03,2.62E-02,-8.026,-4.00E-03,3.02E-02,-4.11E-04
Oct,10,-10.41,-7.273,2.984,-4.289,-1.212,-2.895,-0.1811,0.2747,0.1737,0.8644,0.414,0.3245,-0.2979,7.57E-02,-6.98E-05,-2.64E-02,8.92E-02,45.34,-3.43E-11,1.54E-04,1.14,4.08E-02,-3.98E-02,8.06E-02,-7.099,-5.06E-03,8.57E-02,1.03E-03
Nov,11,-12.82,-6.403,2.733,-3.669,-0.9084,-2.135,-0.6258,-0.1961,0.5009,0.5785,-0.1244,-0.2342,-0.9328,-0.2798,3.22E-05,-0.1317,2.76E-02,89.55,-3.89E-11,7.81E-05,1.029,-2.23E-03,-2.86E-02,2.64E-02,-6.147,-4.22E-03,3.06E-02,6.63E-03
Dec,12,-7.976,-3.79,2.105,-1.685,-0.2723,-1.377,-3.49E-02,2.79,1.007,0.4502,-0.2066,-0.2999,-0.8055,5.47E-02,-5.43E-04,-4.31E-02,0.1234,52.3,-6.03E-11,5.83E-05,0.5495,2.98E-02,-8.07E-03,3.79E-02,-5.165,-6.69E-03,4.46E-02,1.17E-02
Jan,1,-5.137,-1.769,-0.1697,-1.939,-0.8403,-1.408,-0.1734,32.68,0.465,-0.3646,-0.3355,-0.3585,-0.1051,0.1278,-1.29E-03,0.13,6.11E-02,-28.06,-1.24E-11,-4.14E-05,0.2787,7.84E-03,2.62E-03,5.22E-03,-4.985,-7.06E-03,1.23E-02,1.26E-02
Feb,2,-7.603,-1.956,-0.5915,-2.548,-2.433,-0.7721,1.062,2.404,0.2994,-0.5336,-0.8279,-0.9092,-0.5065,-0.1893,1.14E-04,-2.55E-02,-2.92E-02,98.31,1.48E-11,-5.61E-05,-0.1403,-5.76E-02,-3.25E-02,-2.50E-02,-4.997,-1.53E-02,-9.73E-03,1.58E-02
Mar,3,-11.77,-3.885,-4.80E-02,-3.933,-4.108,-1.035,0.8268,-2.311,0.7508,-0.7331,-0.8573,-0.9311,-0.3928,-0.1671,-5.46E-04,-6.44E-02,-1.98E-02,75.65,-2.03E-11,-5.13E-05,0.5106,-5.21E-02,-5.63E-02,4.21E-03,-5.612,-8.05E-02,8.47E-02,2.67E-02
Apr,4,-9.752,-6.222,2.444,-3.778,-2.657,-1.97,1.348,1.374,1.5,-1.071,-1.286,-1.334,-0.2123,-0.3494,1.26E-03,-6.46E-02,-7.54E-02,93.74,8.61E-12,-1.20E-04,2.297,-5.96E-03,-1.54E-02,9.46E-03,-4.635,-5.55E-02,6.50E-02,2.91E-02
May,5,2.559,1.339,-0.366,0.9733,-2.782,2.185,1.903,2.447,0.4393,-0.6287,-0.8121,-0.8007,-0.3271,-9.30E-02,1.09E-03,-0.1336,-4.72E-02,3.567,4.49E-11,-2.34E-04,1.242,-9.21E-02,-8.05E-02,-1.16E-02,-1.804,0.1321,-0.1437,8.67E-03
Jun,6,19.02,9.417,-2.649,6.768,-0.6352,5.177,2.681,2.042,1.56E-05,0.3494,0.5186,0.5788,-0.1812,6.46E-03,4.67E-04,-8.55E-02,-5.16E-02,-86.62,8.39E-11,-7.52E-05,0.4599,-0.1149,-2.08E-02,-9.41E-02,-2.487,6.14E-03,-0.1002,-1.28E-05
Jul,7,26.8,16.84,-2.58,14.26,4.482,6.496,2.976,1.183,-6.70E-02,2.008,2.144,2.236,-5.83E-02,0.1769,6.40E-05,-8.10E-02,-4.10E-02,-263,2.03E-11,5.71E-04,-2.294,9.16E-03,0.1557,-0.1465,-4.946,-8.79E-03,-0.1377,-4.95E-04
Aug,8,18.89,15.15,-3.739,11.41,3.961,5.474,2.148,0.672,-0.1104,2.554,2.75,2.834,4.47E-02,0.1858,1.34E-03,-0.2188,-4.28E-02,-228.3,1.74E-10,6.58E-04,-4.282,-7.49E-02,0.1375,-0.2124,-7.36,-6.75E-03,-0.2057,-3.72E-04
Sep,9,1.673,1.667,-1.278,0.3887,0.5541,0.2926,-0.5324,2.751,-0.1832,1.774,1.641,1.65,7.04E-02,7.28E-02,-1.40E-04,-0.1283,-2.40E-02,-173.3,6.71E-11,3.90E-04,-2.099,9.14E-03,2.37E-02,-1.46E-02,-8.026,-4.00E-03,-1.06E-02,-4.11E-04
Oct,10,-11.72,-6.639,1.601,-5.039,-0.9207,-3.026,-1.439,2.129,-0.1479,0.1906,-2.27E-02,-4.53E-02,0.7503,0.1534,-7.47E-04,8.79E-02,8.93E-02,-39.05,-5.57E-11,6.51E-05,0.7783,7.18E-02,-1.43E-03,7.33E-02,-7.099,-5.06E-03,7.83E-02,1.03E-03
Nov,11,-13.44,-5.873,0.9415,-4.932,-1.87,-2.912,0.1476,19.3,0.4156,-0.4422,-0.7746,-0.8356,0.4539,-0.1378,-4.69E-04,8.95E-02,5.77E-02,88.76,-5.70E-11,-3.73E-05,-3.24E-03,1.10E-02,-2.66E-02,3.76E-02,-6.147,-4.22E-03,4.18E-02,6.63E-03
Dec,12,-8.237,-3.602,1.279,-2.323,-0.8226,-2.553,0.3226,8.2,0.7014,-0.2671,-0.2231,-0.2523,0.7997,7.75E-02,-1.64E-03,0.2045,0.1287,-60.88,-8.81E-11,-9.09E-06,0.9512,4.64E-02,1.77E-04,4.62E-02,-5.165,-6.69E-03,5.29E-02,1.17E-02
Jan,1,-4.917,-1.601,-0.1453,-1.747,-0.5768,-0.9191,-0.2508,2.05,1.324,-0.8243,-1.274,-1.284,-0.1006,5.06E-02,2.02E-04,0.1685,7.85E-02,-88.14,3.12E-11,-9.77E-05,-1.279,-5.44E-02,-1.99E-02,-3.44E-02,-40.02,-2.88E-02,-5.80E-03,1.46E-02
Feb,2,-7.245,-2.801,-0.2304,-3.031,-1.143,-1.225,-0.663,1.002,1.801,-0.9942,-1.349,-1.376,-0.2085,-0.3391,1.64E-04,0.2903,0.1116,-10.48,-1.23E-12,-1.16E-04,-1.527,-8.28E-02,-3.95E-02,-4.33E-02,-40.12,-3.51E-02,-3.95E-03,1.69E-02
Mar,3,-11.53,-8.146,5.39E-02,-8.092,-2.766,-2.718,-2.608,-0.5479,3.851,-1.729,-2.352,-2.452,-0.8622,-0.2824,4.66E-04,0.1212,2.29E-02,119.8,3.77E-11,-2.32E-04,-2.657,-0.1392,-9.56E-02,-4.36E-02,-40.29,-0.1903,0.1504,2.92E-02
Apr,4,-9.825,-14.17,0.2709,-13.9,-6.676,-4.722,-2.505,4.88E-02,6.185,-2.23,-2.769,-2.887,3.19E-02,-0.264,1.94E-04,0.1465,0.1098,50.09,-8.79E-11,-3.64E-04,-2.458,-0.1819,-0.2307,4.88E-02,-40.32,-0.2125,0.2629,5.93E-02
May,5,2.38,-1.723,-1.804,-3.526,-8.05,1.187,3.337,0.1389,2.703,-1.46,-1.668,-1.543,-0.1179,-0.1181,2.91E-04,5.05E-03,-5.26E-02,-8.709,8.30E-12,-5.02E-04,5.18E-02,-0.2568,-0.2782,2.15E-02,-39.75,0.4392,-0.4247,2.59E-02
Jun,6,19.04,13.51,-4.671,8.837,-2.264,8.291,2.81,0.1379,-5.86E-02,0.3885,0.4997,0.6205,-0.2482,7.69E-02,9.64E-04,-0.1607,-0.1154,-119.3,5.27E-11,-3.33E-04,-0.4506,-0.1816,-7.82E-02,-0.1033,-39.67,-3.38E-02,-8.18E-02,-1.46E-04
Jul,7,27.34,18.07,-6.001,12.07,-3.086,12.09,3.07,0.3483,-7.98E-02,2.394,2.386,2.617,-0.6756,6.95E-02,7.52E-04,-0.1229,-6.40E-02,-341,1.78E-10,1.24E-04,-1.842,-0.2667,-0.1067,-0.16,-39.89,-2.17E-02,-0.1434,         NaN
Aug,8,19.88,14.02,-5.205,8.811,-3.165,10.17,1.808,0.3933,-3.66E-02,2.989,2.911,3.165,-0.9868,0.45,2.75E-04,-0.2157,-4.52E-02,-358.9,-9.71E-11,4.47E-04,-2.861,-0.2659,-0.1094,-0.1566,-40.26,-1.38E-02,-0.1489,         NaN
Sep,9,2.689,1.112,-1.143,-3.19E-02,-1.459,2.058,-0.6302,0.1482,8.00E-02,1.009,0.9592,1.011,0.337,4.24E-02,-3.43E-04,-3.88E-02,-3.83E-02,-107.8,6.42E-11,2.11E-04,-0.9121,-5.24E-02,-5.04E-02,-1.94E-03,-40.33,-1.36E-02,2.84E-02,1.54E-05
Oct,10,-11.11,-5.032,-0.5086,-5.54,-2.63,-1.534,-1.376,8.78E-02,0.3919,-0.2598,-0.5137,-0.4921,0.2122,0.1104,-6.54E-04,-9.79E-03,3.58E-02,31.38,-2.00E-11,-5.19E-05,-0.6947,-1.70E-02,-9.09E-02,7.39E-02,-40.05,-6.61E-03,7.81E-02,2.05E-03
Nov,11,-13.3,-4.787,0.2972,-4.49,-1.719,-1.791,-0.98,-0.258,-0.3658,-0.4454,-0.9068,-0.8502,-0.1951,3.76E-02,-1.95E-04,0.1378,0.1056,5.8,-8.02E-11,-5.41E-05,-0.8388,-1.58E-02,-5.94E-02,4.37E-02,-39.91,4.16E-03,4.63E-02,6.37E-03
Dec,12,-8.201,-2.557,-9.57E-02,-2.652,-0.8233,-0.8699,-0.9591,2.073,0.7535,-1.055,-1.457,-1.449,0.3355,-5.53E-02,-5.06E-04,0.2809,0.1101,-52.77,-1.98E-11,-1.29E-04,-1.343,-3.10E-02,-2.85E-02,-2.52E-03,-39.98,-1.17E-02,1.06E-02,1.10E-02
Jan,1,-5.861,-2.447,0.8679,-1.579,-2.45E-02,-1.417,-0.1379,5.788,-0.6345,-0.4506,-0.3531,-0.3704,3.42E-02,0.1134,-1.77E-03,0.1321,0.1282,-41.79,-9.85E-11,-2.12E-05,1.256,2.02E-02,-8.95E-04,2.11E-02,-12.18,-6.34E-03,2.75E-02,1.26E-02
Feb,2,-9.087,-3.418,0.7724,-2.646,-0.1633,-1.892,-0.5906,-160.7,-0.7808,-0.5634,-0.6017,-0.6226,4.01E-02,-0.2136,-9.87E-04,0.1269,8.43E-02,13.06,-4.79E-11,-2.93E-05,0.6805,-7.20E-03,-5.57E-03,-1.63E-03,-11.94,-1.39E-02,1.23E-02,1.58E-02
Mar,3,-13.63,-5.595,0.3469,-5.248,-0.5935,-3.478,-1.176,61.14,0.3499,-1.018,-1.093,-1.141,-5.23E-02,-0.221,2.22E-05,8.55E-02,9.65E-02,55.25,-4.44E-11,-9.55E-05,-0.2197,-3.70E-02,-2.25E-02,-1.44E-02,-10.75,-0.1319,0.1175,2.67E-02
Apr,4,-11.52,-3.625,-0.8765,-4.501,-2.407,-1.521,-0.5727,-16.62,1.011,-1.067,-1.227,-1.253,-0.3464,-0.1542,9.10E-04,-0.1069,-4.02E-02,35.27,-7.76E-12,-2.37E-04,-0.7291,-9.46E-02,-8.67E-02,-7.88E-03,-6.156,-5.90E-02,5.12E-02,2.91E-02
May,5,1.281,3.206,-1.535,1.671,-1.804,2.833,0.6426,-70.51,0.131,-0.5801,-0.6264,-0.6289,-0.3345,8.80E-02,2.94E-04,-0.1071,-9.17E-03,-20.8,-7.24E-11,-2.51E-04,0.2441,-6.66E-02,-6.32E-02,-3.43E-03,-4.112,1.93E-02,-2.27E-02,8.67E-03
Jun,6,18.71,11.44,-1.792,9.651,3.309,4.614,1.729,35.51,-0.329,0.5758,0.5627,0.5723,-0.3572,0.261,-9.78E-04,-0.1194,-2.69E-02,-173.3,-1.69E-10,1.10E-04,-0.3528,6.35E-02,0.1143,-5.08E-02,-4.093,1.71E-03,-5.25E-02,-1.28E-05
Jul,7,27.82,17.83,-1.71,16.12,7.923,5.339,2.858,0.477,-0.4127,2.131,2.173,2.19,-0.3158,0.3964,1.31E-04,-0.2347,-3.94E-02,-250.3,-2.26E-10,8.56E-04,-2.442,6.51E-02,0.2737,-0.2086,-7.977,-4.33E-03,-0.2043,-4.95E-04
Aug,8,21.05,14.02,-2.283,11.73,4.76,5.325,1.647,12.77,-0.2636,2.696,2.73,2.753,-0.5547,0.4923,-1.03E-04,-0.2949,-7.55E-02,-251.9,-7.53E-11,9.93E-04,-3.418,9.64E-03,0.1645,-0.1549,-13.63,-1.18E-02,-0.1431,-3.72E-04
Sep,9,4.353,1.959,-1.379,0.5803,0.2571,1.087,-0.7634,11.68,9.95E-03,1.639,1.555,1.558,-0.4292,0.3636,-1.14E-04,-0.279,-8.19E-02,-111.2,1.29E-10,3.97E-04,-2.108,8.62E-03,9.21E-03,-5.85E-04,-14.56,-8.67E-03,8.09E-03,-4.11E-04
Oct,10,-9.336,-5.714,1.013,-4.701,-0.6516,-2.321,-1.728,26.51,3.63E-02,0.2902,8.75E-02,7.55E-02,-0.3083,0.1724,1.22E-03,-6.27E-02,3.38E-02,-6.205,6.89E-11,7.81E-05,-0.4774,9.82E-03,-2.18E-02,3.16E-02,-12.65,-1.66E-02,4.82E-02,1.03E-03
Nov,11,-12.03,-5.765,1.858,-3.908,-0.3941,-2.517,-0.9969,-9.162,-7.47E-02,-0.3069,-0.463,-0.4792,-0.1844,-0.1529,1.09E-03,4.91E-02,7.18E-02,45.88,2.36E-12,-1.45E-05,0.6413,-5.22E-03,-1.32E-02,7.95E-03,-11.88,-1.68E-02,2.47E-02,6.63E-03
Dec,12,-7.958,-3.395,1.375,-2.02,-0.1082,-1.296,-0.6158,-1.271,-7.55E-02,-0.5785,-0.6711,-0.6803,-7.91E-02,-2.00E-02,-7.95E-04,0.1032,9.29E-02,-37.81,-3.77E-11,-4.49E-05,1.092,8.92E-03,-3.67E-03,1.26E-02,-12.02,-1.06E-02,2.32E-02,1.17E-02
Jan,1,-4.931,-1.734,0.3009,-1.433,-0.2565,-0.7505,-0.4264,-30.06,0.5879,-0.7062,-0.9703,-1.014,-0.4803,-0.2226,-8.72E-04,-2.54E-02,-6.88E-02,89.91,3.68E-11,-4.95E-05,-0.174,-1.48E-02,-8.04E-03,-6.73E-03,-14.91,-4.94E-03,-3.31E-03,6.23E-03
Feb,2,-7.176,-3.839,1.845,-1.993,-0.4981,-0.7203,-0.7748,-41.81,1.038,-1.366,-1.541,-1.602,0.1354,-0.1759,-2.32E-03,-2.94E-03,-4.37E-02,52.28,-5.59E-12,-6.01E-05,1.063,9.35E-03,-1.68E-02,2.61E-02,-14.65,-1.25E-02,3.59E-02,9.90E-03
Mar,3,-11.34,-7.812,2.432,-5.381,-1.125,-2.61,-1.646,-0.1507,1.581,-1.395,-1.603,-1.683,0.4844,-0.2344,-3.32E-03,0.2104,0.1037,-45.61,-1.00E-10,-7.90E-05,1.884,3.32E-02,-3.99E-02,7.31E-02,-14.87,-4.81E-02,0.1184,1.82E-02
Apr,4,-9.487,-7.359,1.884,-5.476,-1.637,-3.427,-0.4114,1.995,1.225,-1.113,-1.273,-1.353,0.1409,-1.78E-03,-1.25E-03,4.89E-02,6.58E-02,38.21,-1.09E-10,-9.26E-05,0.9952,-1.83E-03,-5.71E-02,5.52E-02,-14.26,8.91E-03,4.65E-02,2.26E-02
May,5,2.58,1.474,-0.2837,1.19,-0.5565,0.3829,1.364,-0.11,0.3559,-0.2933,-0.4328,-0.4741,-0.2402,-0.1925,4.60E-06,-1.72E-02,-2.51E-02,11.33,1.25E-11,-7.44E-05,-0.4209,-3.27E-02,-1.98E-02,-1.29E-02,-10.89,0.1553,-0.1296,8.52E-03
Jun,6,18.96,10.97,-1.101,9.868,4.064,4.285,1.519,-9.83E-02,-1.04E-02,0.6425,0.6042,0.6338,-0.1644,-4.14E-02,4.41E-05,-1.81E-02,-4.59E-02,-114,1.02E-10,1.45E-04,-0.1837,4.13E-02,0.1401,-9.88E-02,-11.35,2.88E-02,-0.1096,4.59E-04
Jul,7,26.96,14.98,-1.315,13.66,5.292,6.613,1.759,0.5901,-5.03E-02,1.92,1.991,2.073,1.01E-02,0.3306,3.78E-05,-6.44E-02,-4.13E-02,-268.6,7.71E-11,6.11E-04,-0.8723,6.33E-02,0.1824,-0.1191,-14.28,-3.97E-03,-0.1183,-2.93E-05
Aug,8,19.31,11.15,-2.565,8.585,2.275,5.519,0.7914,1.023,-3.81E-02,2.281,2.422,2.49,0.2667,0.3453,4.52E-04,-0.1481,-3.39E-02,-249.3,2.03E-10,6.10E-04,-2.302,-2.27E-02,7.85E-02,-0.1012,-17.35,-2.05E-02,-9.75E-02,-1.14E-04
Sep,9,2.15,-0.3175,0.2458,-7.18E-02,-8.86E-02,0.6049,-0.588,1.248,3.63E-02,0.9654,0.9032,0.9241,0.4665,0.2471,-7.76E-04,-2.04E-02,3.05E-02,-117.3,3.34E-12,2.29E-04,0.1516,1.97E-02,-2.43E-03,2.21E-02,-17.68,3.52E-03,2.05E-02,-3.24E-04
Oct,10,-11.44,-5.735,1.705,-4.03,-0.8082,-2.742,-0.4803,-0.4838,0.1913,0.4192,3.18E-02,-4.12E-02,-0.1867,-2.45E-02,5.47E-04,-2.98E-02,4.17E-02,99.76,-1.59E-11,4.39E-05,0.4349,-7.73E-03,-2.72E-02,1.95E-02,-16.73,-1.29E-03,2.07E-02,2.48E-04
Nov,11,-13.4,-5.387,1.83,-3.558,-0.603,-2.321,-0.6342,-33.83,0.6183,-8.63E-02,-0.5409,-0.6224,-0.1121,-8.68E-02,-5.01E-04,1.67E-03,2.03E-02,32.25,-1.16E-11,3.41E-06,0.5232,8.66E-03,-1.97E-02,2.84E-02,-16.15,-3.37E-03,3.18E-02,2.22E-03
Dec,12,-8.212,-3.086,1.532,-1.555,-0.2646,-1.26,-2.98E-02,-68.63,0.8599,-0.3358,-0.5794,-0.6416,-1.21E-02,-0.2203,-3.60E-04,6.43E-02,4.13E-03,53.75,-3.79E-11,-5.17E-06,0.7818,2.79E-02,-8.43E-03,3.63E-02,-15.51,3.96E-03,3.29E-02,5.94E-03