Data1,Group1,Data2,Group2,Data3,Group3,Data4,Group4,Data5,Group5
7.586869326,1,12.44808241,2,8.845858583,1,11.96774898,1,11.00887793,0
10.0264543,1,10.99021506,3,11.58133474,1,-4.212158475,1,13.25832277,0
6.765348475,1,11.71473859,2,7.970740613,1,7.403397481,1,26.62934235,0
9.643824276,1,10.80439445,2,7.944779636,1,2.156110206,1,13.37918507,0
9.443758127,1,11.1643557,2,6.763037497,1,6.985795945,1,13.43724389,0
12.21435508,1,11.04637823,1,8.484692064,1,7.892268885,1,18.69686116,0
12.07743129,1,7.575051071,2,8.359791881,1,21.10493701,1,18.87093381,0
11.85850945,1,6.680849005,1,12.00943261,1,6.388011196,1,17.69474388,0
4.980701203,1,6.61461174,2,7.044527496,1,7.598080025,1,10.174529,0
8.143593871,1,15.21794306,3,11.33876202,1,3.598372506,1,15.67162223,0
10.79979544,1,9.712754568,3,6.145390785,1,4.659663417,1,17.59842472,0
8.089899636,1,8.796812902,2,7.002636176,1,13.12375536,1,9.726962619,0
11.02314488,1,9.857109959,3,10.10355599,1,11.11344068,1,5.909234912,0
6.174341964,1,9.040003515,3,10.11426396,1,18.9369329,1,11.80613109,0
9.040665487,1,16.60035703,2,9.447020105,1,3.466549693,1,9.94135502,0
6.371199272,1,8.062062157,3,9.600195245,1,9.61826134,1,17.87416305,0
8.751169858,1,8.912359198,1,10.17861771,1,11.51325952,1,23.08367894,0
10.88275855,1,16.15707646,1,8.658439098,1,-1.972233362,1,25.93506704,0
8.272053819,1,9.610159828,3,5.982423937,1,13.89059821,1,18.18394019,0
10.4551622,1,8.440224423,1,7.856441692,1,12.02542655,1,14.51592503,0
8.927720194,1,5.067784848,2,7.270187868,1,1.128097073,1,19.39514005,0
10.40937034,1,11.36185964,2,6.780121196,1,1.647383932,1,22.46932361,0
7.989033973,1,11.03749749,2,8.173826956,1,28.57790974,1,26.68414028,0
13.65760629,1,10.5946648,2,9.275348601,1,8.585874994,1,9.32715336,0
9.083140753,1,13.03282411,1,9.26362432,1,13.02418725,1,10.57365684,0
7.535507425,1,9.875981964,2,9.242992472,1,-3.342296467,1,21.29347269,0
10.13527524,1,10.26779826,3,7.327524846,1,1.21305748,1,5.865841313,0
5.273210244,1,12.1330202,3,11.12817439,1,5.709081058,1,22.431641,0
11.72695664,1,10.92635962,2,9.758629408,1,17.80262245,1,15.27597515,0
6.991059681,1,12.48778333,3,11.36333238,1,18.60863102,1,17.24634232,0
10.30143786,1,10.19897434,2,6.470201186,1,5.475664767,1,11.56845941,0
8.573827935,1,13.92707117,2,8.851689675,1,15.69823223,1,21.0800672,0
11.28524328,1,9.083473448,3,11.86801688,1,7.821979145,1,21.17258362,0
6.277191727,1,10.17208059,2,9.101085233,1,14.31506074,1,14.38444268,0
7.463693426,1,9.460516984,3,10.08144863,1,18.43531093,1,11.41657057,0
10.06044099,1,9.519780889,3,9.570280087,1,14.49627571,1,7.159792211,0
10.23696308,1,11.17808488,3,8.212082611,1,9.701891641,1,8.72499133,0
7.562733155,1,5.813983507,2,8.535279532,1,13.97828473,1,21.03768966,0
8.398248793,1,10.69285258,2,8.225889218,1,21.46128869,1,16.98076009,0
8.152324669,1,10.56027086,2,4.6270656,1,13.54882861,1,11.23715372,0
7.066526453,1,11.76868975,2,8.564667869,1,24.08830618,1,11.37035087,0
6.082019627,1,9.876346564,3,10.94421804,1,15.57397834,1,28.50142772,0
10.12905679,1,10.91181574,2,6.078539847,1,9.453557448,1,12.562672,0
8.827882389,1,10.88074043,3,8.226979536,1,2.620337344,1,13.37812066,0
11.49605115,1,7.286993235,3,6.732201255,1,13.64492247,1,11.12127293,0
9.713733761,1,12.41308938,2,10.04238118,1,7.19172435,1,13.67222955,0
6.211333896,1,10.14921099,3,6.677716957,1,5.117853533,1,13.80437792,0
10.84079812,1,12.43955191,2,7.656128754,1,6.249371575,1,11.17243375,0
6.721953199,1,9.068755673,1,8.082836143,1,6.480046597,1,12.2441801,0
8.969742056,1,11.7311167,3,11.46618197,1,18.26078608,1,8.807106937,0
7.763343536,1,11.25744691,1,10.92916397,1,2.623066196,1,15.62891371,0
10.00983808,1,11.09258677,3,8.780793235,1,2.018896358,1,14.30982772,0
6.55389089,1,14.35652651,1,7.83113139,1,9.228341713,1,19.65366737,0
8.137035669,1,9.788161159,2,10.24484915,1,3.089956246,1,14.99312217,0
9.111475948,1,13.2652271,2,11.85685176,1,2.69383669,1,12.74595261,0
10.54532324,1,7.894607678,3,15.59993945,1,3.550211538,1,8.43422429,0
12.80246172,1,11.47695716,3,11.13024509,1,15.94432256,1,11.00832324,0
12.85463145,1,10.16107586,1,11.94321462,1,14.37181624,1,19.4447204,0
10.45428219,1,10.1890513,3,9.645655464,1,18.40750459,1,11.98111237,0
7.564162194,1,8.142726585,1,10.53236079,1,12.48420419,1,16.01829956,0
9.141656173,1,7.167292604,1,12.23542781,1,17.77079579,1,24.11908322,0
11.3325883,1,11.10024402,3,11.69503327,1,10.1881655,1,16.53089121,0
10.21838365,1,8.359947406,1,7.503142203,1,17.70881548,1,11.24793591,0
8.609627873,1,7.088099362,2,9.107210536,1,18.81852973,1,8.658807085,0
9.476583546,1,12.0465419,2,11.70448605,1,4.915511815,1,9.511663442,0
8.323559802,1,1.927776873,2,9.26124794,1,-3.296467597,1,13.81754723,0
10.28969354,1,9.084625208,3,5.628088897,1,17.62285666,1,12.05774189,0
8.282657614,1,8.538866124,1,10.16081552,1,21.04190143,1,8.555859446,0
8.393737653,1,9.353214115,2,10.01553901,1,6.439068975,1,14.56445467,0
9.423676435,1,8.004113177,2,6.84656776,1,16.67212184,1,13.14173604,0
5.906797765,1,14.63497306,2,8.264751259,1,4.911366061,1,14.74516986,0
7.409311867,1,12.87972329,1,7.338823601,1,10.26400548,1,17.53923184,0
11.41624453,1,4.615379341,2,11.40486904,1,22.73731309,1,8.040886858,0
7.051006406,1,9.880210073,3,10.16757613,1,7.835297456,1,10.64780784,0
5.696909793,1,10.29858979,1,7.613634277,1,-0.693311713,1,16.61209243,0
10.78661822,1,10.58101054,2,10.31763567,1,14.70109649,1,13.96656766,0
11.94821714,1,12.53176418,3,12.95658704,1,23.30010918,1,8.064479678,0
9.743050535,1,9.542820882,1,11.5759801,1,13.41836318,1,18.99448594,0
7.267723727,1,8.980686448,1,9.520890326,1,6.874051095,1,13.94284957,0
15.22023687,1,11.26108619,2,6.942547326,1,-1.910350987,1,18.83525537,0
12.53860846,1,8.610285502,2,12.88091009,1,5.88641014,1,22.81471369,0
7.41414032,1,11.54782657,3,11.83635962,1,12.7865498,1,13.01702563,0
11.6369209,1,12.08771608,3,11.7551099,1,-3.079241341,1,-0.376662946,0
8.803623568,1,12.90839602,2,11.60215477,1,9.275802311,1,15.46865926,0
9.904756175,1,7.219916474,3,7.889510154,1,10.59719132,1,10.05561441,0
7.843484371,1,8.139695435,2,10.223367,1,5.088704307,1,20.92406855,0
8.488451429,1,7.607690093,1,13.62950496,1,0.484360386,1,17.32903531,0
8.470037848,1,9.593713009,1,9.998115059,1,29.09907166,1,16.92268251,0
9.59448752,1,8.891010256,2,9.797075669,1,22.93947861,1,17.13531997,0
13.61732591,1,10.02598813,3,8.306395875,1,20.22620054,1,18.61008035,0
11.22566778,1,9.089590647,3,7.943136334,1,4.878236619,1,8.599513402,0
5.846047537,1,11.68087968,2,11.85650219,1,-3.536748339,1,15.10101036,0
8.580883791,1,9.992528053,2,9.95366894,1,10.96734219,1,10.60075079,0
7.1638638,1,10.26187576,2,10.29789094,1,19.84313802,1,11.39207702,0
10.94317283,1,10.8037173,2,13.13044256,1,-3.68852952,1,10.84308993,0
10.39730952,1,9.291299516,3,4.848479889,1,16.7878976,1,17.66723329,0
8.848074197,1,9.365697149,3,9.834536349,1,7.787107709,1,16.2210834,0
7.543872236,1,9.008406257,2,9.530846322,1,5.981686217,1,9.320109472,0
11.46247708,1,12.82196663,2,11.08875006,1,21.94899679,1,8.431913394,0
9.952452777,1,7.759291013,3,8.766618821,1,14.33042927,1,11.80013338,0
5.453173019,1,13.14931008,2,7.632780902,1,0.060310193,1,14.19483807,0
9.20209158,1,8.685755692,3,9.708305257,1,3.457037934,1,16.45357544,0
7.99716227,1,6.688797318,3,11.36291887,1,21.62756198,1,12.0363103,0
8.502863928,1,10.79277067,1,12.04895326,1,0.222133278,1,13.85857676,0
12.51587347,1,6.98304184,3,9.383942671,1,22.37714762,1,18.00537522,0
11.33095073,1,9.054190201,2,7.23179901,1,16.47771415,1,16.62642278,0
11.27878162,1,11.15282168,3,7.582259499,1,12.81804319,1,17.07741909,0
10.40904853,1,9.780118957,2,9.8124234,1,19.42016391,1,17.6436906,0
10.29952796,1,12.90597378,1,9.984184005,1,-5.898823965,1,23.99108027,0
9.842875628,1,8.877905757,2,10.98946725,1,0.66477275,1,7.429260844,0
12.68771157,1,7.417556078,1,9.457316915,1,4.866634302,1,11.29084881,0
7.162751039,1,9.050162431,3,7.699595303,1,-3.115433984,1,14.77219989,0
9.138603868,1,10.00416058,3,9.187047488,1,16.4263846,1,15.53702585,0
10.80225637,1,9.755435963,3,12.36216479,1,11.80926438,1,8.90884677,0
8.337597916,1,10.76007307,3,10.63277184,1,5.101776919,1,7.54504326,0
9.895495496,1,10.52165083,2,8.633549261,1,3.324921887,1,19.65993921,0
10.19206274,1,9.594159377,1,10.89160387,1,12.90352999,1,10.35762988,0
4.939696033,1,7.02270206,3,7.28348906,1,7.489335952,1,15.50907025,0
14.84481454,1,11.61053155,2,6.458370155,1,5.683698152,1,16.98722724,0
10.74360247,1,9.123124122,2,8.385131634,1,3.606130352,1,16.400543,0
11.66165791,1,7.520635882,3,11.5234353,1,10.6925585,1,17.87347565,0
6.740517611,1,9.348158167,3,8.316584532,1,13.42352408,1,20.87421207,0
9.715514186,1,10.21720682,3,7.351833088,1,7.061520138,1,19.32630363,0
9.752007135,1,11.61360024,1,7.961671505,1,-0.284620159,1,29.89710111,0
6.963803896,1,11.82790438,1,10.58752424,1,14.01357322,1,12.71132402,0
11.50737476,1,8.519116852,1,8.089623545,1,4.140171581,1,14.60296079,0
11.866396,1,9.414174644,1,8.990241075,1,7.677825735,1,22.84204265,0
11.11834491,1,10.10437992,1,7.724269686,1,21.59201682,1,13.69447558,0
4.860850027,1,8.355622238,1,11.79568207,1,7.38511198,1,10.22529855,0
9.656722768,1,11.16704583,1,8.895493581,1,-4.326051841,1,12.92303783,0
9.446790336,1,12.16616218,3,6.838110909,1,-3.610728674,1,16.82523672,0
10.09220502,1,7.947742194,3,7.386683741,1,3.227963605,1,14.62819174,0
7.037316805,1,10.44127488,3,8.939035884,1,-6.644066966,1,19.44825202,0
1.304445964,1,8.440009153,3,8.404122124,1,9.859240858,1,18.84370051,0
5.739616956,1,9.592112598,3,10.67565981,1,22.73574058,1,20.86440349,0
9.981307654,1,10.05970828,3,15.32334407,1,-0.944438411,1,19.79707169,0
8.729592976,1,6.901334787,2,3.731400563,1,2.433271528,1,15.84431108,0
12.97595995,1,12.28341917,3,5.878919881,1,6.220763535,1,15.80957572,0
9.163444795,1,11.76047766,2,7.443167096,1,8.037576186,1,19.3167077,0
14.1793893,1,9.099326516,1,10.50676547,1,17.63661095,1,6.409027421,0
11.80997479,1,10.04988092,3,7.197872767,1,6.157298956,1,11.70087873,0
9.96293172,1,13.22062866,1,8.124501018,1,2.209064426,1,18.47174467,0
9.124249366,1,9.820629049,2,12.3538967,1,17.31586887,1,7.164989518,0
9.267050305,1,11.20009453,2,8.418098989,1,18.67666766,1,9.304694687,0
8.636183849,1,7.987869697,2,12.23131766,1,10.59820077,1,9.682684576,0
9.368019796,1,10.47558219,2,8.527779409,1,8.275849099,1,5.090939751,0
9.24225424,1,8.580960812,2,12.57481473,1,17.57150046,1,10.55833125,0
11.14019251,1,7.090056916,1,8.788521501,1,13.63543981,1,14.48782781,0
5.677840711,1,8.750987122,2,7.256484149,1,15.28220405,1,17.18080119,0
7.811179747,1,8.113206897,3,6.640814469,1,8.65574755,1,16.5234638,0
8.744824289,1,6.780521628,1,12.7450156,1,-2.256717252,1,10.05397417,0
9.079884571,1,8.518201236,1,9.860366303,1,10.24110731,1,18.74769493,0
11.60289748,1,10.36198355,1,9.156821041,1,3.731937742,1,19.5155518,0
7.875807011,1,9.276963768,3,7.742119618,1,14.6486042,1,17.55074849,0
11.1568024,1,11.72295245,1,5.834205495,1,11.68760891,1,8.83295426,0
7.664453985,1,12.2488113,2,5.815279395,1,15.11157286,1,9.543878594,0
12.00291096,1,7.377318218,2,9.4454131,1,2.517711724,1,15.57217991,0
11.22205446,1,12.98894263,3,10.434892,1,3.520464227,1,4.29335745,0
12.45163901,1,14.12439828,2,5.890371372,1,18.58879893,1,21.61952246,0
12.28025463,1,13.88827936,2,7.25091974,1,12.81977411,1,13.01335645,0
10.3749022,1,10.39824879,2,5.654894342,1,5.908424817,1,22.10031376,0
7.648006796,1,11.60665633,3,9.130179976,1,13.92156419,1,17.50662837,0
9.916727317,1,10.41346938,3,8.065454753,1,16.29638098,1,12.43888659,0
10.54515032,1,11.3136141,3,8.045036257,1,2.67957284,1,12.90527591,0
8.391412316,1,12.08928395,3,11.8320587,1,5.48075492,1,13.83395331,0
6.596874753,1,6.728756814,2,8.833707739,1,9.930526016,1,6.770521218,0
9.149012946,1,10.04006279,3,11.40762249,1,20.34518219,1,10.51398476,0
7.419071703,1,12.14986349,2,11.16247833,1,18.77249734,1,6.340603834,0
10.95358587,1,11.17302246,3,11.12848899,1,-0.93374518,1,16.75006605,0
7.491598035,1,8.980017182,2,3.938492333,1,13.07638522,1,19.83115791,0
10.04679674,1,9.274680458,3,8.66829945,1,2.923535583,1,9.524522693,0
9.136242665,1,6.907195243,1,11.86524823,1,7.390799886,1,15.41596011,0
8.69444787,1,11.98245575,2,8.134937966,1,6.57347051,1,13.75860663,0
11.79857945,1,6.657868016,2,9.418134042,1,12.44120318,1,23.48411174,0
5.141518685,1,9.186219903,1,10.97383231,1,-2.930398867,1,18.25842182,0
13.93145536,1,8.934158944,1,7.006470104,1,9.980580451,1,14.63334766,0
9.111808302,1,8.449549568,2,10.79978052,1,15.41344203,1,14.43733352,0
6.77193055,1,9.413729022,1,11.31851806,1,7.451619899,1,12.35488982,0
11.21750922,1,8.309338064,3,4.814367593,1,15.19946856,1,23.09091382,0
5.704026119,1,9.641971567,1,7.364778654,1,11.12382151,1,13.556301,0
13.93937917,1,9.070769334,2,10.70082574,1,17.6842248,1,7.687630142,0
7.886624496,1,6.916541421,1,9.437737851,1,-6.675583914,1,19.21897061,0
10.67485341,1,11.09161535,3,9.284306968,1,-2.295018059,1,9.62991432,0
6.775746355,1,11.6639242,2,7.850020155,1,0.142873983,1,17.86639058,0
8.414151316,1,9.265469513,2,10.4436299,1,1.359245019,1,23.08023643,0
11.75141856,1,13.42723272,1,8.930714972,1,3.765104602,1,9.570182827,0
7.17042922,1,10.82293585,3,12.26207127,1,11.10979786,1,8.816715233,0
12.0858919,1,12.1020261,1,6.957938522,1,23.18371522,1,9.731519346,0
7.389095186,1,12.3092483,2,10.98024701,1,10.596072,1,13.64026419,0
12.17702379,1,9.890267069,1,12.07730465,1,3.49940539,1,13.49749697,0
9.75551876,1,7.532755492,1,6.616707855,1,-0.246627404,1,22.59842413,0
8.243020807,1,10.7809223,2,10.08292707,1,18.70623581,1,15.25899248,0
10.09924434,1,7.92708675,3,10.42275487,1,21.55396207,1,25.30253978,0
13.97151894,1,11.11519177,3,5.471814644,1,0.799854367,1,9.680708608,0
11.11985295,1,9.325754698,1,8.481990042,1,5.971870294,1,12.46047534,0
11.8622899,1,6.501258377,1,6.838862389,1,17.44598851,1,14.88281526,0
9.58129465,1,7.102104306,2,10.24611959,1,12.41920495,1,19.56527284,0
7.214894257,1,13.53565941,3,10.66077687,1,11.77527837,1,8.566491219,0
7.186869262,1,11.69295178,2,11.75058487,1,10.37579997,1,5.242803993,0
11.99778138,1,10.43557298,3,8.185017472,1,6.005508777,1,16.83648105,0
11.84000882,1,13.09705669,1,9.192116276,1,9.150439944,1,20.19196402,0
12.22306712,1,8.770389286,2,10.41331936,1,11.06108348,1,13.42823545,0
8.117080222,1,7.68371429,3,10.96930574,1,9.788577111,1,10.77339364,0
10.66179326,1,11.05569083,2,7.869836472,1,18.07357796,1,21.76973051,0
7.034450428,1,8.352266568,1,11.11284154,1,10.3659289,1,20.02119041,0
7.598376766,1,8.505761527,1,9.7422119,1,21.40543627,1,10.59371013,0
8.651683193,1,15.87823022,1,10.10530977,1,6.438317323,1,15.48263219,0
9.576660998,1,7.706227996,1,10.81636462,1,16.97426106,1,13.15145342,0
10.74019077,1,7.521915128,1,7.906188375,1,19.06690337,1,22.21019255,0
10.97638736,1,10.1555122,3,9.80298881,1,1.354443986,1,12.08258073,0
9.249955983,1,13.4853827,3,6.301159318,1,-8.140200696,1,12.47860407,0
5.351423402,1,13.6884324,3,9.038275518,1,27.84600565,1,20.37683339,0
12.11237565,1,8.243646722,1,10.48171298,1,12.16951813,1,13.11271225,0
7.971863711,1,10.28343038,3,9.131223754,1,11.17994902,1,18.88649538,0
12.62375159,1,8.724948431,2,7.959827518,1,7.544862124,1,24.04038491,0
12.08040669,1,9.660000671,3,5.873442792,1,-5.725881937,1,20.29611399,0
9.677038329,1,9.600346207,3,10.67721522,1,18.36366326,1,18.69761803,0
6.854730068,1,10.09124742,1,8.181397783,1,10.86295954,1,19.74784751,0
9.543138663,1,8.078388976,1,8.178351564,1,9.573309245,1,15.82689616,0
9.297723403,1,9.847877187,2,7.523526589,1,9.495713479,1,13.63317781,0
6.423795541,1,6.633174539,1,10.01809028,1,4.203342821,1,16.49591571,0
8.808676158,1,9.908407565,1,12.70629317,1,24.47484791,1,19.47242856,0
10.77658054,1,11.22660872,2,7.112658038,1,12.30461536,1,10.37820295,0
11.38721688,1,10.41812824,1,5.890425966,1,10.76050191,1,12.47576581,0
11.63742058,1,12.97568749,2,8.558948648,1,8.901224847,1,19.9644654,0
10.85337999,1,9.520153341,1,13.75448448,1,-0.061425532,1,11.66991555,0
10.63545503,1,6.951803884,3,7.711392912,1,7.063797468,1,15.05043516,0
8.344749941,1,8.66382411,3,8.055944871,1,2.423197234,1,9.516780263,0
9.681578181,1,11.80301039,2,9.120013327,1,11.91725202,1,17.76958859,0
9.927774883,1,10.8774888,3,9.4521967,1,10.03373497,1,21.73695397,0
11.65759835,1,7.958339467,3,9.508266463,1,14.99805321,1,12.38763267,0
10.1389403,1,12.60818062,2,7.308864088,1,1.133478773,1,13.94061325,0
8.930652851,1,9.2077944,2,9.292784407,1,5.889941944,1,22.57846983,0
8.061303211,1,8.120218905,3,10.12856789,1,6.314434103,1,14.37199553,0
9.015427047,1,11.23925004,3,11.69437275,1,12.9663468,1,17.98513799,0
10.2349287,1,7.182545882,3,8.507377212,1,12.61013009,1,4.602680355,0
7.708484345,1,13.03991801,1,10.67543785,1,6.485110463,1,12.38602713,0
11.43201415,1,5.79199876,2,6.926266822,1,5.618662556,1,6.305668039,0
10.50555605,1,8.994626613,3,12.11583685,1,17.95045047,1,13.0371967,0
7.346655331,1,10.17496745,3,12.01519719,1,7.057348043,1,14.99550865,0
9.916027864,1,10.72481583,3,10.30452805,1,-3.795754437,1,13.53671524,0
13.8552319,1,8.15843862,3,8.926174939,1,5.206699289,1,22.82030823,0
6.852435232,1,10.09784483,2,9.601640393,1,17.85081505,1,12.3584841,0
7.405558879,1,8.551818612,1,9.822031775,1,2.795456934,1,20.32733427,0
9.432909826,1,7.565061129,3,10.74199194,1,9.676867966,1,15.7498051,0
10.28580086,1,9.906831602,3,9.711559527,1,-8.071364041,1,-0.950242963,0
7.319547522,1,10.60874556,1,9.841265983,1,13.80991959,1,17.10637446,0
10.04838489,1,8.884027607,1,8.690316362,1,-6.103165914,1,23.17823683,0
9.268511671,1,7.1011211,3,10.72721281,1,-2.41964645,1,18.80518074,0
9.418511671,1,9.409274363,2,9.293147031,1,23.20280511,1,20.2959246,0
12.71210278,2,12.39452617,2,4.095868405,2,20.85083425,2,13.06863239,1
10.14894599,2,10.58961266,2,9.745760375,2,6.29608387,2,39.8136342,1
8.977533721,2,9.014820619,2,8.164040909,2,10.87791065,2,7.587664892,1
10.28663968,2,10.53831598,1,9.882360216,2,0.862399362,2,17.91088086,1
11.3092698,2,8.755641289,3,4.411055651,2,0.834019698,2,6.712585865,1
11.44754291,2,8.058465753,3,6.918807883,2,19.75507291,2,7.062894424,1
10.67995457,2,10.94331444,3,12.31077197,2,0.513163917,2,15.3600717,1
9.080079907,2,7.618199315,1,4.349277243,2,2.110518901,2,13.76201919,1
10.4479948,2,9.491224621,1,7.980614421,2,20.68353461,2,4.669873191,1
10.91201167,2,8.966303862,3,9.924251061,2,8.262534836,2,12.41830341,1
9.300147015,2,8.333215992,1,7.608602109,2,14.78204929,2,19.82444436,1
12.9924553,2,8.55627982,1,11.44154993,2,9.462474258,2,21.90604881,1
10.726592,2,6.217106488,1,6.521826867,2,13.07353116,2,10.64818696,1
12.56969079,2,5.466775367,3,9.885635787,2,4.965145821,2,11.27110559,1
10.78047079,2,9.036163116,3,4.561590398,2,10.25738114,2,14.24557136,1
10.1804819,2,11.84368186,2,9.448204323,2,15.87527432,2,16.08873861,1
12.49030346,2,10.48603491,1,8.465192134,2,8.623196047,2,27.96788345,1
10.35603701,2,11.61915972,1,7.235122141,2,17.23084786,2,26.57497801,1
7.359023357,2,8.453845325,3,5.497083879,2,8.320787529,2,8.303710691,1
8.224697894,2,12.16223168,1,5.66278596,2,3.42933422,2,11.89784919,1
9.583483805,2,9.172115736,2,9.646768554,2,-3.215497051,2,7.920676512,1
11.13029717,2,8.937196214,1,7.940082563,2,25.51198636,2,34.56931264,1
11.90936432,2,10.10926963,2,10.10905814,2,14.54096831,2,6.005170642,1
8.231072693,2,10.58529407,1,8.351110584,2,7.368723991,2,29.17525975,1
8.928579566,2,10.74326821,2,8.068359493,2,6.170259388,2,14.40580409,1
10.07813174,2,11.30560326,3,10.26135221,2,6.56026899,2,12.17214608,1
10.09934883,2,8.472438027,2,8.103254179,2,11.42069652,2,9.128262412,1
10.23556587,2,5.685497822,2,11.1951359,2,11.65152532,2,11.01726175,1
8.464719085,2,10.3054889,2,9.402637709,2,10.46521317,2,16.7623356,1
11.30088619,2,8.611900733,3,6.706559538,2,1.954990003,2,10.11531814,1
7.702818465,2,9.367652149,3,8.414925141,2,6.349117695,2,18.40668751,1
11.67528845,2,9.142011048,1,7.612390373,2,0.901277512,2,9.874039305,1
11.06425093,2,10.51291392,2,5.991373805,2,0.422040784,2,30.69748175,1
10.36118328,2,9.843010524,3,7.82908231,2,6.605661057,2,8.018741641,1
6.303183347,2,7.518643803,1,7.683623345,2,12.04227916,2,21.17151778,1
13.33447767,2,7.509308859,1,5.877311523,2,0.494350584,2,25.74765289,1
9.909766656,2,10.84770556,1,9.492342041,2,11.26997929,2,15.92505724,1
9.247017943,2,11.53482426,1,9.933523647,2,-10.25539634,2,18.01384821,1
10.1127448,2,8.844632726,1,5.668066407,2,18.95915892,2,23.51335434,1
10.23681934,2,13.71910621,3,4.407856562,2,18.00630454,2,23.9362482,1
8.524390245,2,11.48122279,3,6.342026783,2,1.496225499,2,11.9699624,1
14.24490307,2,10.08723752,3,7.763283204,2,22.13212133,2,8.513195822,1
10.26183425,2,9.941711229,3,5.578557974,2,11.88410031,2,13.97635604,1
8.265492256,2,9.085599508,2,9.686010457,2,-6.364124355,2,10.9578356,1
8.222942684,2,9.114352761,2,8.884112846,2,2.140843924,2,24.08584941,1
11.95924262,2,5.453443459,1,7.55135492,2,22.91114094,2,9.13586457,1
12.95424192,2,11.5441589,2,3.81488292,2,4.874723323,2,15.70232247,1
11.0833581,2,13.19812651,2,10.36289481,2,-0.221125118,2,41.52628263,1
11.03217254,2,14.10864155,3,9.522859638,2,8.049286416,2,18.17723485,1
8.463991645,2,9.113537441,2,7.430181955,2,6.672967222,2,13.50831335,1
10.48985976,2,6.907885484,1,8.084092019,2,4.282768283,2,9.811719496,1
12.6973017,2,8.353826031,3,12.40726685,2,17.81786091,2,11.57111878,1
9.751937321,2,9.46757499,3,3.470276869,2,1.949080353,2,12.98968554,1
12.21845418,2,11.87348086,2,5.866534915,2,3.496597308,2,28.2050963,1
12.29585356,2,12.41417792,2,8.644430776,2,0.715786147,2,4.733584947,1
10.69087745,2,7.383207879,3,7.907471438,2,8.163482131,2,13.97860602,1
8.707846026,2,6.653216614,1,9.309708528,2,9.487455978,2,12.32834994,1
6.458981135,2,9.968060935,1,8.917850678,2,8.746565011,2,13.78727583,1
11.30084244,2,7.287008356,1,7.713538193,2,-1.257508564,2,24.01923967,1
11.90005858,2,9.130271946,1,8.064202399,2,-3.564450257,2,9.754140361,1
14.43134219,2,10.87787212,2,9.477305117,2,12.73907912,2,46.31873179,1
11.12011135,2,10.57293935,2,10.62565874,2,15.16693053,2,32.13167523,1
8.073475786,2,9.957539269,3,6.314576448,2,10.71041023,2,25.78893296,1
7.558503896,2,9.902627042,3,9.03829752,2,15.75961743,2,16.034419,1
12.12318737,2,9.79288128,3,9.685384728,2,29.82866834,2,29.85655006,1
13.27791873,2,12.66732035,3,9.088933948,2,1.27684165,2,13.44557919,1
11.3127095,2,12.35744316,2,9.400084887,2,6.081439786,2,11.43281536,1
12.36597283,2,8.264479058,1,9.127230345,2,7.91853823,2,52.21173989,1
11.27822362,2,11.92258569,3,11.05613643,2,-6.120633513,2,11.60570822,1
12.82818896,2,8.344705389,3,10.07933083,2,-3.332248983,2,14.57847198,1
7.615957503,2,10.61571035,2,9.062964778,2,0.855065759,2,9.668938813,1
9.812623872,2,8.887897718,1,6.637779344,2,4.555407325,2,16.07023583,1
8.324255103,2,9.596192792,3,6.907052732,2,13.59432635,2,12.48047327,1
10.13962725,2,13.32853684,1,8.354822654,2,7.026512925,2,9.751382641,1
5.202403955,2,10.86611566,2,6.126944449,2,5.583365124,2,12.94346869,1
8.655962123,2,11.2179907,3,8.678742961,2,18.97097374,2,11.05512931,1
7.968740055,2,12.48474491,3,7.205886688,2,17.94001496,2,17.81195715,1
9.490492144,2,10.63576153,2,6.436190384,2,11.73533434,2,23.49335532,1
10.54484619,2,8.934174108,2,6.674674491,2,12.51215649,2,23.82506879,1
9.602990573,2,6.26291227,3,5.236840617,2,10.97296603,2,11.59731313,1
10.60426407,2,7.614406723,3,12.33259067,2,4.614729003,2,17.59483895,1
9.103782907,2,11.95710672,1,5.83271716,2,5.261432855,2,17.63469973,1
6.829031039,2,13.33697058,3,9.265906523,2,13.50815374,2,8.533008947,1
7.063453996,2,6.325165716,1,8.164943522,2,1.414823472,2,2.582917918,1
11.9845062,2,11.47474374,3,9.098538301,2,11.83364534,2,13.34894327,1
12.13666587,2,7.617643359,3,7.487440806,2,15.4266074,2,15.90792723,1
12.07013927,2,12.20222902,2,10.06953735,2,-5.384317269,2,14.36409092,1
10.6033752,2,11.25120696,2,8.970555715,2,5.355723907,2,2.878172639,1
11.67581982,2,8.745555947,2,8.522587775,2,0.238833329,2,12.28976245,1
13.54679763,2,8.704161131,2,9.315252254,2,1.570393456,2,25.21176333,1
9.07624187,2,11.38226615,3,8.422841744,2,19.50008657,2,27.89068188,1
10.14242765,2,5.204147907,1,3.925485464,2,-4.675050686,2,2.794694625,1
10.28974999,2,11.75207659,1,6.614212156,2,13.97040655,2,12.96259175,1
10.48463517,2,8.266437594,3,8.004864518,2,4.992930586,2,17.46099685,1
8.475913152,2,13.5666644,1,9.77230557,2,10.00240682,2,3.279561571,1
10.10239236,2,8.795458713,2,8.902536289,2,3.370338743,2,3.099201457,1
10.15770018,2,10.07616612,2,8.532124843,2,22.31952293,2,8.038720466,1
9.948326548,2,13.20761227,2,8.687566944,2,23.01495797,2,8.347688864,1
10.93831274,2,9.43880639,1,8.542683013,2,14.27213563,2,15.36504768,1
12.80130071,2,8.620244771,2,5.968991398,2,13.00930828,2,10.20361121,1
9.175181659,2,12.98511849,1,9.666955128,2,26.05601046,2,17.11519828,1
8.863556178,2,9.01482856,1,9.527420567,2,2.963591729,2,6.180141394,1
8.19284667,2,10.53132282,1,6.831472028,2,3.342751508,2,5.071042517,1
7.243193157,2,13.65070617,1,6.622154604,2,1.083110452,2,39.74077495,1
10.23779484,2,14.64964488,3,7.22495944,2,10.6722892,2,9.121051914,1
8.966666119,2,12.96108937,2,4.736982378,2,-8.339192361,2,19.06816239,1
9.34596193,2,7.689099959,3,6.446756386,2,12.96985112,2,11.653637,1
9.405790012,2,8.646756095,3,7.271097649,2,13.10644087,2,9.488723288,1
11.2502798,2,11.24721934,1,8.452486947,2,3.863469292,2,39.95981637,1
11.93575555,2,9.485053393,1,8.392746174,2,5.307482267,2,7.787312935,1
8.095216434,2,9.345115463,1,8.712500857,2,32.11368682,2,22.90138126,1
8.533112703,2,8.87800212,1,9.31317577,2,12.75842591,2,11.37581048,1
10.37417261,2,9.387828315,2,11.71813046,2,0.791783843,2,7.683851866,1
7.685297942,2,11.19012676,1,6.857166587,2,-3.56091363,2,6.498708985,1
8.585581431,2,10.20224641,3,7.476522454,2,14.41130286,2,10.8137362,1
14.07530823,2,8.931603467,1,9.364575883,2,3.939384666,2,5.889381987,1
6.534606004,2,8.821573561,1,4.950738637,2,12.46150059,2,17.2873391,1
12.48793015,2,9.444556372,1,10.49823501,2,3.137165359,2,32.26551216,1
9.92859386,2,8.221402416,3,10.41619716,2,-2.585922635,2,12.93398098,1
13.92276709,2,11.71536055,1,10.5966717,2,6.09617528,2,3.47309383,1
10.03031587,2,9.088413407,1,8.299669341,2,18.93620966,2,24.76555361,1
12.05420489,2,9.372551178,1,11.46212341,2,5.928345954,2,16.84326983,1
11.04816493,2,11.79839559,1,9.467571426,2,4.156433275,2,6.996344328,1
7.708881746,2,12.7612707,3,7.372575761,2,13.59930954,2,37.51743991,1
12.08670971,2,8.79517446,2,6.281321872,2,16.27318089,2,9.91233909,1
12.72252243,2,7.250723286,3,6.659885341,2,9.940528375,2,35.43082867,1
10.94800194,2,10.08729827,3,8.617821209,2,19.39537068,2,6.276666598,1
8.060534988,2,7.507861798,2,7.216367931,2,3.005492826,2,16.27642307,1
12.2626882,2,13.72942065,1,12.77119593,2,2.914622867,2,35.69983981,1
11.52641786,2,10.32537918,1,11.98407522,2,12.72546896,2,11.57256596,1
9.130983013,2,9.279319591,1,9.781703908,2,16.31783722,2,5.32303627,1
7.260287718,2,11.24120438,2,11.69903443,2,8.131043949,2,9.386281825,1
13.68070784,2,10.20971457,1,7.716171037,2,-11.15961338,2,17.50891667,1
9.282595603,2,10.96076804,2,5.525763069,2,12.48044155,2,8.716629948,1
15.27010641,2,10.48441808,1,5.613905524,2,8.982722413,2,13.24924295,1
9.836354091,2,11.57493427,1,5.494280203,2,11.95802378,2,24.81841883,1
13.44807822,2,7.003537465,2,6.294352607,2,9.206141956,2,8.886136775,1
10.06719279,2,10.47599558,2,7.852082331,2,10.79316459,2,12.2285436,1
7.247113427,2,9.072946388,1,6.352836897,2,-9.613929479,2,6.898089415,1
9.574199053,2,10.60383872,1,9.256540577,2,14.39402323,2,6.17759582,1
9.420886895,2,11.95744609,3,10.1752378,2,5.402730594,2,5.002354295,1
9.680184219,2,8.854789316,1,7.765743157,2,12.06769831,2,19.45885521,1
12.32227321,2,12.56011248,1,8.570523117,2,-1.357595709,2,11.34549981,1
13.07204846,2,12.63801111,3,10.64457836,2,1.65136254,2,21.89037132,1
8.011842234,2,10.48408487,1,7.056326031,2,0.399219007,2,11.66396287,1
10.87687593,2,10.5460582,1,9.409832233,2,4.301152681,2,13.48868161,1
10.18255522,2,10.23744391,1,4.562104054,2,7.617236404,2,17.70394051,1
8.68911683,2,12.14369475,2,11.16991414,2,4.550766245,2,5.954455155,1
9.642292619,2,8.588511808,1,4.75578835,2,-0.58635145,2,7.923911627,1
12.65107417,2,12.70876219,1,10.96708872,2,9.559627913,2,5.612182546,1
10.11680493,2,10.28925372,3,9.460156044,2,1.228510702,2,5.526795671,1
8.346422263,2,9.985077562,3,9.422131059,2,16.04365754,2,6.792226823,1
12.14351929,2,11.1236614,1,7.252901326,2,3.914322476,2,7.214704094,1
9.185140661,2,10.4617068,2,6.909673488,2,14.41761514,2,10.33235888,1
9.591739154,2,10.16437163,3,6.651662543,2,0.457467923,2,18.68291321,1
11.1550665,2,10.11709725,3,6.093873417,2,-8.826996798,2,5.931250837,1
12.28832667,2,8.971906948,1,8.266647026,2,5.281885093,2,12.46453507,1
7.774460929,2,9.220700905,2,8.344608515,2,9.935472476,2,1.029056663,1
7.191320367,2,10.67921637,3,7.775128497,2,12.4952513,2,8.375627797,1
10.07518719,2,9.094848362,1,10.58775807,2,18.03625294,2,34.86563628,1
14.65978053,2,12.85807171,2,7.070184156,2,12.9806849,2,13.19082123,1
10.33937385,2,14.76552925,2,7.036419508,2,20.85400238,2,3.751400515,1
9.070581311,2,9.555937494,2,5.226789124,2,-0.56001927,2,12.24705856,1
10.3319839,2,8.389195431,2,8.489535786,2,18.78145524,2,17.28035455,1
8.827707075,2,9.310673323,3,7.679788227,2,6.065654854,2,11.70468337,1
11.19973396,2,8.727060958,3,7.937592907,2,12.20837565,2,6.179617978,1
8.357269419,2,11.67775351,3,7.833986007,2,2.53892754,2,9.548972673,1
16.82501352,2,10.8480865,2,6.670434871,2,8.384997843,2,12.36850687,1
8.807178995,2,12.28572726,2,6.819302459,2,10.94495841,2,8.234405106,1
11.69367115,2,10.98854184,1,10.80123715,2,29.97845444,2,4.018616013,1
6.225612805,2,8.845973761,2,7.492436209,2,-5.211086307,2,14.23738183,1
10.90762608,2,14.07471259,3,3.890869055,2,19.16796307,2,44.47114082,1
12.76221511,2,11.85852909,3,9.974730657,2,12.60007023,2,3.120364356,1
8.902554577,2,11.75183385,3,7.524809462,2,16.47254845,2,4.917216511,1
11.42099615,2,10.72346129,1,7.094551322,2,16.21990085,2,1.763117789,1
9.670874904,2,11.99181608,1,3.533972374,2,7.18931637,2,21.08780089,1
13.97024013,2,5.508208585,2,8.471268236,2,6.582054971,2,12.89463078,1
8.32285797,2,10.32031198,3,9.074732494,2,15.31967168,2,13.28762697,1
8.028194073,2,13.03317038,2,7.095393769,2,13.39551189,2,7.687401133,1
10.75076686,2,10.86845089,2,11.55259584,2,18.06813892,2,12.18826956,1
11.12485065,2,8.891753088,1,7.307501353,2,0.848130573,2,15.62260183,1
9.843906507,2,10.30003412,3,9.297101628,2,6.477065312,2,12.04526625,1
9.812559204,2,10.87339691,2,9.472522823,2,8.490101465,2,1.853617036,1
14.17789131,2,8.696134845,2,6.346482087,2,7.888467244,2,13.80076509,1
10.51218443,2,11.98566466,1,7.371143559,2,3.94000075,2,11.62002631,1
9.417270698,2,8.296716952,1,9.852683459,2,-6.822478824,2,15.52919324,1
10.81826292,2,9.955560467,1,6.278633844,2,15.41655829,2,22.10414243,1
13.60619266,2,9.516401066,1,11.91740249,2,18.28030999,2,10.53244215,1
9.485190158,2,8.379206058,3,6.508539581,2,7.891189097,2,17.13688191,1
8.116331273,2,6.057163401,2,8.772423849,2,4.452944974,2,3.893879894,1
10.99358864,2,9.679926849,1,6.490780989,2,16.82726868,2,8.705078829,1
11.29401937,2,12.24482021,3,7.519398194,2,1.879017998,2,6.787803188,1
8.338682372,2,10.24067008,1,9.071937906,2,2.501617224,2,4.361588436,1
9.41881453,2,7.337651535,2,9.494784033,2,5.488675509,2,5.77543172,1
9.713934961,2,9.671402581,1,7.91256132,2,12.33123006,2,6.465802068,1
9.852968517,2,10.70581452,3,6.934315459,2,0.395023928,2,20.44018017,1
9.378799691,2,10.55869778,2,9.903111657,2,10.0379443,2,7.311200746,1
9.471844893,2,7.647865026,1,9.541149325,2,5.335804645,2,33.96413717,1
8.787383229,2,11.3946523,1,12.20906581,2,11.12572416,2,12.70082458,1
7.594249705,2,9.985238391,2,4.089462548,2,17.65761635,2,14.03499377,1
11.8938982,2,12.0474675,2,5.524703785,2,2.876525451,2,17.43272129,1
8.546310196,2,10.0745173,2,3.332417369,2,12.61086789,2,15.25234641,1
8.519954649,2,12.23196805,2,7.867895565,2,17.44278123,2,13.70426424,1
10.7113113,2,10.84687968,2,4.907762692,2,21.77859587,2,29.57869758,1
12.03052696,2,9.958161444,2,9.635373193,2,22.65173812,2,12.76494863,1
11.20427996,2,9.380348693,3,10.99457364,2,6.216495008,2,8.628600931,1
9.990345359,2,11.24109804,2,9.575474152,2,15.67246306,2,52.98674622,1
9.60919321,2,9.775034783,3,6.998571669,2,9.199445849,2,10.57283608,1
14.44462785,2,10.7714796,1,7.659243575,2,-4.332598211,2,13.11330878,1
6.731081408,2,10.38767785,3,8.339802573,2,-1.52291175,2,42.83444744,1
10.52647851,2,12.05597769,3,5.511507575,2,13.41246906,2,21.39436613,1
6.979410793,2,9.59115994,3,10.2213539,2,6.456411833,2,15.44319799,1
15.72373077,2,8.782977043,2,10.13802753,2,4.173720407,2,34.0353048,1
10.45804946,2,11.08674689,3,7.195876632,2,14.16784681,2,26.64800751,1
8.783631737,2,11.5206881,1,11.19320608,2,7.964800366,2,5.136963543,1
12.61299104,2,11.71555353,3,6.941941733,2,9.431191212,2,9.267349889,1
12.14687377,2,11.36964807,1,8.644310978,2,7.093320095,2,7.287371193,1
7.738633381,2,15.06144554,3,10.11763761,2,2.551677877,2,15.75285677,1
10.63548169,2,10.1261789,1,9.486608343,2,21.45847915,2,14.52159806,1
13.15312955,2,11.84375107,3,9.827724112,2,-1.61407116,2,8.909154246,1
10.18194968,2,8.899875148,1,5.617267087,2,10.17135567,2,28.84329704,1
11.79491064,2,9.45387093,1,6.296986544,2,4.487628219,2,9.80016156,1
12.05780396,2,7.452133847,3,7.326521045,2,2.341577684,2,16.16329051,1
12.59575228,2,10.09513859,2,10.19692479,2,9.157830636,2,9.823944919,1
8.004675553,2,12.00868638,1,5.235515833,2,9.370393919,2,14.99424702,1
9.101975136,2,14.69967281,2,2.599404645,2,4.816777632,2,10.52495741,1
6.942689419,2,5.964744974,3,9.447014019,2,7.645464299,2,6.49204486,1
9.34190655,2,6.132667633,3,7.93075933,2,-5.149095329,2,15.87273871,1
7.397602989,2,9.876258361,3,6.342183985,2,10.04223278,2,12.57650241,1
9.306808037,2,12.19644729,2,12.06612266,2,4.174064273,2,16.64742428,1
8.699391657,2,10.00368592,3,9.883835043,2,15.6183962,2,31.59386829,1
10.43133089,2,10.13982521,2,6.824680917,2,18.41931249,2,3.49913843,1
10.18333021,2,4.876016777,3,6.387881498,2,21.12279476,2,5.02181717,1
12.07557698,2,9.814263974,3,7.598855865,2,10.3665327,2,14.51501859,1
10.59283265,2,9.188654387,1,9.897992769,2,10.7801035,2,18.93805332,1
8.218278301,2,6.477998948,1,8.898966161,2,13.20562049,2,12.86680931,1
11.31276254,2,7.848299125,2,6.637033697,2,13.08043298,2,18.33518193,1
7.952764822,2,10.65474894,3,8.501873001,2,-2.247056701,2,12.30376643,1
10.65194413,2,8.505561692,3,7.561608191,2,-13.07054025,2,10.61150385,1
13.19269335,2,10.03219159,2,6.393727438,2,4.059284622,2,6.816872206,1
9.518125023,2,13.10768647,2,8.298519114,2,10.83970121,2,7.137856367,1
9.838128622,2,9.51500423,3,9.433957743,2,13.57807806,2,24.31990757,1
10.12595416,2,7.295323519,2,10.742311,2,9.827792536,2,7.058384239,1
10.83405768,2,13.30879357,1,5.765144898,2,21.02849682,2,16.49840348,1
11.79392044,2,7.644571313,3,7.656360925,2,6.791115145,2,6.764506935,1
9.125439704,2,8.506005895,3,7.24953777,2,2.921966235,2,8.432526954,1
14.68066396,2,8.752219919,2,6.88436238,2,19.18720958,2,2.738518688,1
10.99235894,2,10.57129825,3,9.902144078,2,14.72559902,2,18.90703978,1
13.48512599,2,11.36309352,3,7.604869292,2,4.400875768,2,21.48767593,1
11.38044397,2,9.965670865,1,12.40852526,2,2.054578301,2,17.58358,1
9.972021828,3,9.033122095,3,10.36980343,3,11.74767519,3,11.00887793,0
12.43511701,3,11.35552905,1,9.840842673,3,9.978055295,3,13.25832277,0
12.20227494,3,12.22630239,2,13.66466161,3,14.94820489,3,26.62934235,0
14.48319209,3,11.60739458,2,10.30649678,3,6.701038551,3,13.37918507,0
8.955624922,3,10.01636924,1,9.898936355,3,14.52923708,3,13.43724389,0
12.16057054,3,9.6649037,3,8.008723545,3,12.42725209,3,18.69686116,0
15.73837249,3,15.14032657,1,12.62858644,3,2.838463209,3,18.87093381,0
10.50345921,3,12.51668926,3,11.92252154,3,7.432169633,3,17.69474388,0
6.693442904,3,10.03151187,2,11.47665199,3,10.73394672,3,10.174529,0
11.26202529,3,15.3418649,1,6.876148333,3,10.64937744,3,15.67162223,0
7.443354965,3,10.88759074,3,9.723708773,3,-5.009229312,3,17.59842472,0
9.384577834,3,10.12934832,1,9.425797279,3,28.0652058,3,9.726962619,0
12.31008547,3,14.59619016,1,11.84596227,3,11.64246588,3,5.909234912,0
9.360217457,3,13.16027693,3,7.726060766,3,6.411511827,3,11.80613109,0
4.446673483,3,13.67272772,2,12.60094728,3,14.19961093,3,9.94135502,0
12.94848781,3,8.543118404,3,7.063558221,3,1.766265259,3,17.87416305,0
11.25454049,3,9.735966511,3,10.21717845,3,11.62880483,3,23.08367894,0
13.36154894,3,9.333305025,2,6.836255404,3,0.23707132,3,25.93506704,0
9.569634046,3,7.961765409,2,13.97094891,3,5.601516762,3,18.18394019,0
12.29983343,3,12.69605168,2,10.55235884,3,8.2000182,3,14.51592503,0
9.57385716,3,7.83089447,1,9.336696107,3,0.021659276,3,19.39514005,0
13.00146597,3,8.807221352,1,9.13763847,3,-4.380712902,3,22.46932361,0
9.982566038,3,9.505849268,2,8.899882818,3,13.88587599,3,26.68414028,0
3.486094741,3,10.75781556,1,9.050288831,3,14.59832338,3,9.32715336,0
9.688682413,3,13.26591367,2,10.84020643,3,8.503202825,3,10.57365684,0
6.358792394,3,8.582224396,1,11.32273966,3,-0.85835942,3,21.29347269,0
8.983859457,3,10.25316202,2,6.614066209,3,1.447499196,3,5.865841313,0
5.929182272,3,7.844069416,1,11.04178485,3,15.32209486,3,22.431641,0
11.9912063,3,11.83041664,3,9.41616506,3,4.103101052,3,15.27597515,0
11.42007988,3,11.51263758,2,9.224145,3,11.34271658,3,17.24634232,0
7.892167695,3,11.93234222,1,12.07027173,3,5.904562971,3,11.56845941,0
13.57227014,3,8.787328443,1,10.95164837,3,-0.94392315,3,21.0800672,0
10.75590756,3,9.512728973,1,9.588955163,3,10.10210494,3,21.17258362,0
6.480526942,3,9.386652467,3,10.64610944,3,17.74466596,3,14.38444268,0
12.44677774,3,7.514779329,3,12.52952231,3,8.420200765,3,11.41657057,0
4.241534441,3,10.58033747,1,10.01846245,3,0.209133678,3,7.159792211,0
10.34392821,3,7.980469587,1,10.41414053,3,13.00054491,3,8.72499133,0
7.285354486,3,8.305844142,1,12.52611034,3,16.84636719,3,21.03768966,0
8.931432382,3,13.41527507,3,9.646843896,3,1.778937869,3,16.98076009,0
11.3778477,3,10.49549967,1,9.79963994,3,7.284716256,3,11.23715372,0
7.675477891,3,8.605421264,2,6.441192252,3,15.2925603,3,11.37035087,0
7.817635507,3,10.71563381,2,13.00381612,3,24.91096819,3,28.50142772,0
8.510638216,3,10.52809015,2,9.657841796,3,12.64157363,3,12.562672,0
12.86897858,3,10.01689692,3,10.14713218,3,9.536874125,3,13.37812066,0
8.773149575,3,8.135535549,2,9.153451024,3,7.552152977,3,11.12127293,0
11.01247633,3,10.61015319,1,12.23471738,3,10.4650776,3,13.67222955,0
6.250278085,3,8.987875477,3,12.14521596,3,4.311521535,3,13.80437792,0
13.9453304,3,5.38168903,2,8.422708437,3,5.706993709,3,11.17243375,0
9.641607263,3,9.189710401,3,7.396830347,3,17.84835258,3,12.2441801,0
9.553644974,3,10.49173922,1,6.834760714,3,5.106507994,3,8.807106937,0
10.76521383,3,10.48838619,2,10.99485736,3,11.12744032,3,15.62891371,0
12.56272317,3,10.47143461,2,10.19854191,3,11.87326387,3,14.30982772,0
11.23261697,3,8.354551816,1,6.338470522,3,-2.591223576,3,19.65366737,0
13.12384856,3,8.944600805,3,6.23850114,3,15.80007407,3,14.99312217,0
7.707352256,3,11.45442916,3,10.69542603,3,2.10696856,3,12.74595261,0
7.583994497,3,11.27752596,3,7.362641776,3,18.72801186,3,8.43422429,0
9.042408319,3,11.353269,1,6.446644374,3,-0.972018507,3,11.00832324,0
9.35311256,3,9.213043542,2,8.083589693,3,3.062663487,3,19.4447204,0
9.330992572,3,8.608077981,3,9.316276925,3,21.40793431,3,11.98111237,0
11.16566223,3,7.660954384,3,5.916987588,3,12.59440818,3,16.01829956,0
13.24128742,3,9.406635281,1,10.61566817,3,0.587939241,3,24.11908322,0
10.15247414,3,9.710237918,2,12.96332507,3,7.107073513,3,16.53089121,0
9.306374931,3,8.768500924,1,10.76952613,3,-2.681280336,3,11.24793591,0
12.26635612,3,9.447247938,1,9.28746783,3,8.578887197,3,8.658807085,0
10.6285554,3,7.967214463,3,6.266311733,3,16.70374928,3,9.511663442,0
6.688437082,3,10.94450982,2,8.836769976,3,10.73513512,3,13.81754723,0
10.60120105,3,12.10232039,3,9.487467464,3,23.84372463,3,12.05774189,0
11.38751433,3,7.21789898,1,12.13227447,3,11.32627837,3,8.555859446,0
10.93654482,3,10.3715048,3,6.50443089,3,7.358256131,3,14.56445467,0
8.213376977,3,12.03481975,3,7.918034904,3,9.527177697,3,13.14173604,0
10.56448253,3,9.378375969,1,11.07425914,3,-5.770824549,3,14.74516986,0
11.9147172,3,12.23607616,3,11.61612711,3,-2.530439154,3,17.53923184,0
11.59333985,3,9.93407439,1,8.205891847,3,2.391089249,3,8.040886858,0
13.78045709,3,11.92046249,1,7.797152657,3,9.486869216,3,10.64780784,0
14.29175397,3,9.173583591,1,10.91545879,3,4.80118989,3,16.61209243,0
13.03099049,3,8.799422256,3,10.07329368,3,12.03534267,3,13.96656766,0
12.39817231,3,9.479478395,2,9.860679447,3,17.3603684,3,8.064479678,0
7.380062548,3,12.17434836,3,13.14478305,3,1.044902213,3,18.99448594,0
11.49667133,3,8.231843671,3,8.846972279,3,7.059981307,3,13.94284957,0
10.76997439,3,11.1439197,2,9.485645501,3,9.421992489,3,18.83525537,0
8.448164806,3,7.923936492,1,12.08709423,3,1.759932002,3,22.81471369,0
11.23224012,3,8.558000051,2,9.096573395,3,4.663510183,3,13.01702563,0
9.981588556,3,10.94275236,2,9.415696173,3,6.643676566,3,-0.376662946,0
8.978692388,3,9.915909092,2,8.956516147,3,8.630764312,3,15.46865926,0
8.128260239,3,12.45639955,2,9.745409169,3,8.109744104,3,10.05561441,0
12.96554104,3,6.606026428,2,11.94971436,3,5.373155284,3,20.92406855,0
10.00619258,3,9.477265516,2,9.070165905,3,9.358130517,3,17.32903531,0
8.472447298,3,6.348080824,3,11.40206621,3,5.878102873,3,16.92268251,0
9.657030283,3,9.895455935,3,9.191796839,3,9.184722879,3,17.13531997,0
8.175178066,3,10.79667976,3,11.10183936,3,5.107198472,3,18.61008035,0
7.566886172,3,9.181598267,2,9.406584879,3,-1.37511317,3,8.599513402,0
8.468855935,3,10.82106763,3,6.57610592,3,6.854623227,3,15.10101036,0
11.65463373,3,11.20073283,1,12.77719257,3,17.99277343,3,10.60075079,0
8.373777063,3,8.810258584,2,7.546933392,3,8.889619609,3,11.39207702,0
11.68968661,3,12.55253115,2,12.63044946,3,12.14902825,3,10.84308993,0
11.68251522,3,8.338123201,1,13.68714213,3,21.93548741,3,17.66723329,0
5.812878982,3,8.091771519,1,7.696029325,3,-3.036113708,3,16.2210834,0
11.93346265,3,8.705822461,2,6.506394712,3,12.64429484,3,9.320109472,0
11.26950823,3,9.590122124,1,12.99099498,3,-1.295909091,3,8.431913394,0
10.9368927,3,8.670662772,1,13.5459652,3,8.170949927,3,11.80013338,0
10.35115378,3,8.295500223,1,9.304198322,3,16.69845171,3,14.19483807,0
8.181701421,3,7.128538214,1,9.704238729,3,6.826260669,3,16.45357544,0
11.1424714,3,10.15246355,3,8.537348895,3,-1.43643496,3,12.0363103,0
9.796313052,3,11.37280966,2,9.555754918,3,9.864816551,3,13.85857676,0
11.74752399,3,9.721166947,2,5.946030435,3,9.412980421,3,18.00537522,0
9.625266863,3,13.82890826,2,6.646232326,3,9.012485375,3,16.62642278,0
11.01697722,3,10.16744294,3,7.152773646,3,11.5956857,3,17.07741909,0
8.774835696,3,7.200105854,3,10.54585793,3,20.22774575,3,17.6436906,0
10.59012473,3,7.495636246,2,12.98135397,3,4.49438673,3,23.99108027,0
10.73423357,3,8.725729859,1,9.377702429,3,26.61668449,3,7.429260844,0
9.080795038,3,13.29460199,3,7.061156519,3,18.37879811,3,11.29084881,0
8.361316504,3,10.7735018,2,10.16274772,3,11.92964786,3,14.77219989,0
12.48453877,3,9.135354303,2,10.44016058,3,8.664192415,3,15.53702585,0
8.814532814,3,9.273408366,3,8.097247951,3,12.79856858,3,8.90884677,0
10.00327922,3,10.98970464,3,10.77532659,3,1.515834192,3,7.54504326,0
8.872624043,3,10.51717648,3,8.427474632,3,13.07002434,3,19.65993921,0
10.20313818,3,7.436063697,1,8.289687195,3,13.36847815,3,10.35762988,0
10.70603827,3,10.90732679,3,11.4358765,3,11.54137761,3,15.50907025,0
9.912259692,3,14.67944887,2,11.22114102,3,9.359515839,3,16.98722724,0
10.39397379,3,9.740490969,1,9.112511344,3,8.416381339,3,16.400543,0
10.39959412,3,6.654955961,2,8.386513363,3,10.20345381,3,17.87347565,0
6.844415164,3,8.372243605,2,11.09213773,3,-5.634498803,3,20.87421207,0
9.201211541,3,12.49169828,1,7.804372403,3,11.90340101,3,19.32630363,0
14.61412246,3,10.37376933,1,8.395784302,3,15.77846028,3,29.89710111,0
8.777664491,3,14.96149905,1,9.116840972,3,9.668580454,3,12.71132402,0
10.58559779,3,8.645660298,3,9.317203094,3,12.5325105,3,14.60296079,0
8.978381281,3,12.09444375,1,10.2347377,3,12.50103749,3,22.84204265,0
10.83538938,3,9.08688415,1,10.83700047,3,12.31481025,3,13.69447558,0
12.90760845,3,11.31587422,3,15.30963824,3,15.67412533,3,10.22529855,0
8.126999279,3,9.626959809,3,7.220344569,3,3.336441733,3,12.92303783,0
10.0530643,3,7.39395379,1,10.22830444,3,9.688431319,3,16.82523672,0
7.089222789,3,10.12361064,1,6.733700674,3,1.085826131,3,14.62819174,0
5.231506433,3,12.59640409,3,12.1042999,3,9.955839638,3,19.44825202,0
10.02638796,3,11.54684514,3,10.12550926,3,13.62358752,3,18.84370051,0
16.62582452,3,5.661541604,3,8.854419326,3,-1.216359555,3,20.86440349,0
9.253490669,3,8.14480819,3,11.80827048,3,12.08451243,3,19.79707169,0
9.152798586,3,8.811040813,2,10.7130315,3,3.987571552,3,15.84431108,0
11.95960773,3,9.42860117,1,8.077386637,3,4.829992679,3,15.80957572,0
7.227260117,3,8.820686698,3,13.6612739,3,17.1585533,3,19.3167077,0
8.455734795,3,9.215956633,1,7.331638106,3,-0.916760294,3,6.409027421,0
10.46957059,3,11.34996189,2,11.56201805,3,10.44372025,3,11.70087873,0
5.127820872,3,7.343571585,1,11.61831894,3,12.1125459,3,18.47174467,0
10.352561,3,10.77425631,2,8.646690227,3,11.73279583,3,7.164989518,0
11.90238172,3,10.12420615,2,9.732202755,3,18.79242473,3,9.304694687,0
10.52366056,3,12.22383028,2,10.99320621,3,8.531979753,3,9.682684576,0
9.306279797,3,6.472511144,3,6.823408707,3,22.05477155,3,5.090939751,0
10.86519904,3,10.1091469,2,9.705903612,3,1.842570601,3,10.55833125,0
8.487741503,3,12.18644602,2,5.801583501,3,15.03400059,3,14.48782781,0
9.558318525,3,10.84594371,1,9.403248787,3,10.49338543,3,17.18080119,0
7.596862517,3,12.43285159,1,9.21204618,3,20.57671127,3,16.5234638,0
11.14341356,3,10.11408731,2,9.567994947,3,27.87024032,3,10.05397417,0
13.61078458,3,10.34078383,3,13.31002646,3,-1.30389236,3,18.74769493,0
6.028859856,3,7.894977752,2,9.521665168,3,13.06471315,3,19.5155518,0
8.97112765,3,10.30740387,3,12.01207495,3,-0.031547936,3,17.55074849,0
8.005883502,3,9.207818474,3,10.53980523,3,15.60522412,3,8.83295426,0
8.868814325,3,11.83181159,2,10.3060452,3,6.056691943,3,9.543878594,0
8.699007809,3,9.908926288,2,13.92001794,3,-3.175314383,3,15.57217991,0
10.93626918,3,6.457577384,3,7.747695856,3,-3.903354385,3,4.29335745,0
13.1893815,3,10.0299502,1,10.13627128,3,12.89573188,3,21.61952246,0
7.485877732,3,9.246917923,2,10.05613875,3,11.78279951,3,13.01335645,0
8.769433832,3,14.1758926,2,8.651625649,3,-0.591042813,3,22.10031376,0
10.31544359,3,8.296691606,3,9.974921742,3,11.68741044,3,17.50662837,0
12.99382259,3,9.136900455,1,9.950217947,3,22.73194617,3,12.43888659,0
7.630717971,3,15.29842738,1,9.841564693,3,4.112883073,3,12.90527591,0
11.7623851,3,13.08440577,2,10.75067661,3,13.37604289,3,13.83395331,0
11.1899985,3,13.22501892,2,12.89286225,3,12.98732481,3,6.770521218,0
11.62727992,3,7.195997366,3,10.99497289,3,7.117452306,3,10.51398476,0
10.03949323,3,10.74037033,3,10.91767156,3,16.18622597,3,6.340603834,0
10.55010964,3,11.37265216,3,12.03317217,3,17.98763662,3,16.75006605,0
10.11459338,3,9.283562121,3,12.30185555,3,5.314584356,3,19.83115791,0
10.40495421,3,10.17081769,1,6.750145083,3,7.903204139,3,9.524522693,0
10.6818537,3,9.498259608,3,6.836550906,3,8.365936878,3,15.41596011,0
10.88868116,3,9.031618979,3,9.533472467,3,2.424980903,3,13.75860663,0
10.25773967,3,10.00778404,3,8.669051875,3,14.43042717,3,23.48411174,0
7.463907599,3,8.723688896,2,9.726872135,3,23.61966908,3,18.25842182,0
7.501075988,3,9.612699427,3,9.898034654,3,3.699758777,3,14.63334766,0
11.51015798,3,8.744398511,2,14.16770545,3,-0.571922283,3,14.43733352,0
11.67834391,3,11.67729302,1,12.05792646,3,7.758237615,3,12.35488982,0
9.02124253,3,10.78436437,1,10.46996931,3,23.36436426,3,23.09091382,0
8.539853086,3,9.740437632,2,11.30718382,3,10.71232511,3,13.556301,0
8.12460362,3,6.673717885,1,6.517526671,3,9.223090661,3,7.687630142,0
12.02740233,3,12.17669916,3,11.81756246,3,2.507411365,3,19.21897061,0
10.81707162,3,8.802047822,2,11.56968046,3,11.99508999,3,9.62991432,0
10.0825732,3,10.910856,2,10.10208663,3,11.41631691,3,17.86639058,0
11.21117178,3,11.37044569,3,6.838429729,3,8.659871771,3,23.08023643,0
10.9349322,3,10.95808283,1,6.812845234,3,8.703102526,3,9.570182827,0
14.41912826,3,9.181258571,1,12.07405065,3,2.503645019,3,8.816715233,0
7.526985698,3,9.029061561,1,10.94800329,3,27.76859376,3,9.731519346,0
9.155597681,3,8.466403124,1,9.55824765,3,6.122317308,3,13.64026419,0
10.84265557,3,7.443791929,1,9.280298855,3,11.35435167,3,13.49749697,0
6.958775351,3,9.538649573,1,12.40789619,3,13.30268611,3,22.59842413,0
11.23332045,3,13.84121307,3,9.218215552,3,7.409945271,3,15.25899248,0
10.10794805,3,14.27880947,1,8.463538249,3,9.442113419,3,25.30253978,0
9.726885966,3,9.182067878,1,12.02858441,3,2.455035579,3,9.680708608,0
11.77357369,3,8.268597319,3,8.712024791,3,11.4087306,3,12.46047534,0
13.29914936,3,11.19030313,3,5.544307368,3,20.51678995,3,14.88281526,0
8.258314722,3,8.331693654,1,15.57527474,3,8.345932402,3,19.56527284,0
7.741453666,3,8.688200111,2,10.91314358,3,10.80447142,3,8.566491219,0
10.66718423,3,11.23445981,3,8.775838383,3,11.58767337,3,5.242803993,0
10.74546767,3,11.77227031,1,9.259062336,3,15.51756515,3,16.83648105,0
8.303710376,3,11.73662388,1,6.815125985,3,1.126181412,3,20.19196402,0
9.047981307,3,12.21113312,3,7.017072538,3,18.459403,3,13.42823545,0
10.40155997,3,10.93560066,1,11.02315574,3,16.44340539,3,10.77339364,0
4.720305849,3,8.822383115,1,10.15791641,3,-0.042021169,3,21.76973051,0
6.209769548,3,7.948036645,2,11.07951653,3,17.26495224,3,20.02119041,0
8.863029849,3,12.29979468,1,8.488900615,3,1.244329379,3,10.59371013,0
10.61502688,3,7.249220774,2,7.771523943,3,23.54736244,3,15.48263219,0
8.103691689,3,8.905653793,2,10.48281326,3,2.798656591,3,13.15145342,0
11.13459915,3,11.72323494,2,6.183159117,3,3.821808059,3,22.21019255,0
8.314381474,3,12.15070934,1,9.16384343,3,16.70526012,3,12.08258073,0
10.18841411,3,8.764414118,2,11.70060524,3,5.778178362,3,12.47860407,0
9.19754192,3,10.07851626,3,9.219862962,3,10.19757341,3,20.37683339,0
9.866476877,3,10.02923541,3,8.536318161,3,0.227954374,3,13.11271225,0
4.740058486,3,10.40441012,1,10.29168453,3,14.14139248,3,18.88649538,0
13.0387481,3,9.965538615,2,9.868333287,3,7.202194307,3,24.04038491,0
9.728648755,3,11.56387755,3,11.609216,3,-1.923000715,3,20.29611399,0
9.857228895,3,8.390801185,3,14.05851944,3,-2.920974528,3,18.69761803,0
6.105992485,3,10.34780272,1,9.664046454,3,2.238265144,3,19.74784751,0
8.555901912,3,11.95415356,3,11.61246561,3,11.02789759,3,15.82689616,0
12.2929204,3,9.555785969,2,10.78195003,3,1.216337375,3,13.63317781,0
10.4392736,3,11.55194495,2,12.50136921,3,6.168019546,3,16.49591571,0
11.18627177,3,12.86608838,1,10.81029827,3,-0.063737044,3,19.47242856,0
15.42933713,3,9.30152919,1,10.2866369,3,14.07362826,3,10.37820295,0
11.57529239,3,11.58537676,3,8.540284874,3,10.54863132,3,12.47576581,0
10.05842788,3,8.466257437,1,10.38326934,3,19.63953544,3,19.9644654,0
5.97638686,3,10.17273645,3,7.563053762,3,7.849957384,3,11.66991555,0
8.574665232,3,8.897375345,1,8.620827807,3,6.842861471,3,15.05043516,0
12.98366639,3,12.87376431,2,9.911802019,3,-1.582104957,3,9.516780263,0
9.209861551,3,12.51269981,3,8.779268622,3,6.815192207,3,17.76958859,0
10.53545753,3,13.58357362,1,13.04055269,3,-4.201499613,3,21.73695397,0
8.800120693,3,12.22717995,2,7.865323289,3,10.05047761,3,12.38763267,0
13.63255363,3,9.870390779,1,7.003426884,3,10.79426181,3,13.94061325,0
9.223667399,3,9.031981419,2,8.184795076,3,3.843376677,3,22.57846983,0
9.166763911,3,9.044420126,1,10.31593147,3,7.752941563,3,14.37199553,0
6.015732009,3,10.77091854,2,10.328218,3,5.372155208,3,17.98513799,0
10.42170923,3,10.92194182,2,12.11294737,3,5.492619842,3,4.602680355,0
9.820699617,3,12.78143374,2,7.053993262,3,12.33317955,3,12.38602713,0
7.562648925,3,10.57650933,2,7.496605094,3,16.51950929,3,6.305668039,0
10.27486779,3,8.03630876,2,11.91729318,3,9.49226623,3,13.0371967,0
12.31313899,3,8.169925905,1,13.27192488,3,9.336456931,3,14.99550865,0
8.480002459,3,13.34256746,2,8.675321111,3,12.58496086,3,13.53671524,0
8.103749101,3,9.031135029,2,8.912625725,3,-4.665753477,3,22.82030823,0
7.812024326,3,7.783113121,3,7.670500616,3,25.61495426,3,12.3584841,0
8.535485382,3,10.11535529,3,10.90565652,3,5.121746008,3,20.32733427,0
10.19031812,3,8.529994599,1,8.886565673,3,1.979709718,3,15.7498051,0
9.983831117,3,11.91619374,3,11.91439746,3,9.97552448,3,-0.950242963,0
5.010645338,3,10.88651113,2,10.53206764,3,3.769544082,3,17.10637446,0
10.49558137,3,9.436448931,2,6.695718943,3,0.372755603,3,23.17823683,0
5.01466956,3,10.88700892,3,12.99432507,3,9.526995444,3,18.80518074,0
10.64089059,3,10.06789152,1,8.025783357,3,16.16855556,3,20.2959246,0
