"NormDat","Group"
10.438310698809014,"1"
10.334345485448907,"1"
11.072956419825104,"1"
9.720819064430943,"1"
7.990893758490982,"1"
10.874922695220146,"1"
9.044028062008161,"1"
9.750579510384364,"1"
9.261017597746989,"1"
11.14335121638878,"1"
7.366966150834582,"1"
10.14199285414791,"1"
9.398326602683115,"1"
10.781161033805569,"1"
11.258145037026175,"1"
11.544131504454427,"1"
10.703175663077285,"1"
10.197710246191678,"1"
9.649653753905872,"1"
9.883474453212095,"1"
9.133418962386724,"1"
7.596487241938947,"1"
10.371133473652185,"1"
9.868089544639027,"1"
10.931252590421174,"1"
10.219342901422463,"1"
8.293944786231524,"1"
9.823164016784428,"1"
9.870476435523912,"1"
10.531199909846586,"1"
9.134299212955645,"1"
10.44188787716489,"1"
10.76077201692622,"1"
10.248415630821238,"1"
9.483718394235208,"1"
11.386484244360869,"1"
9.471423979970242,"1"
9.981782680204583,"1"
11.45732858077448,"1"
9.409314614372962,"1"
9.571816760761616,"1"
10.449054132742095,"1"
10.821596869653245,"1"
8.6819926136482,"1"
10.18958611196552,"1"
11.527286452131454,"1"
9.219546735322291,"1"
10.023674105239087,"1"
11.10652301389338,"1"
11.315645961351402,"1"
8.692157313015816,"1"
10.008922092660162,"1"
9.76879754202484,"1"
10.460038565724377,"1"
11.461393506305305,"1"
9.93896088704124,"1"
9.429130997380026,"1"
8.776203419372623,"1"
11.148008579761543,"1"
11.152474336354373,"1"
8.64240030507678,"1"
9.63923954692808,"1"
8.973063551949496,"1"
11.67581605964731,"1"
9.499176976597248,"1"
10.26138231536531,"1"
11.041221809246046,"1"
9.346323092473352,"1"
11.048845150756048,"1"
9.234558426481652,"1"
10.935954320775943,"1"
10.740781545863637,"1"
11.005854729391501,"1"
9.357061812840094,"1"
10.118550352604254,"1"
9.64626943685565,"1"
10.424208681700048,"1"
10.160917655217581,"1"
9.251977695104195,"1"
10.349338346687665,"1"
10.065640788954752,"1"
8.955289217914295,"1"
9.388515997214869,"1"
11.095441344567579,"1"
11.384234433031105,"1"
9.79316514643806,"1"
10.673025298004747,"1"
10.73039752693322,"1"
9.434258750288278,"1"
8.793868873429133,"1"
8.745316063862415,"1"
12.526149149813351,"1"
9.30060970324302,"1"
11.155180573864213,"1"
9.92490692077901,"1"
9.182018788197356,"1"
7.881885086787388,"1"
7.99282685514277,"1"
10.371578314651513,"1"
10.452872586941325,"1"
9.664591853460287,"2"
9.00481458689498,"2"
9.325078305290237,"2"
9.187569845747246,"2"
9.950189883857455,"2"
8.877138063942795,"2"
9.846678336748765,"2"
12.351750126236588,"2"
10.35489966328717,"2"
9.680348770332293,"2"
9.507985694298489,"2"
9.022691934361331,"2"
9.888088210311663,"2"
7.69768849931145,"2"
9.07948878030443,"2"
9.712557130738835,"2"
10.349886679295215,"2"
8.839540173664341,"2"
9.04500803665439,"2"
7.612387029705236,"2"
10.253363379314912,"2"
7.808956784082794,"2"
11.923934476421778,"2"
8.924529237115072,"2"
9.231965852794081,"2"
10.241041311873605,"2"
9.587315276636389,"2"
8.568203169419421,"2"
10.147084709810898,"2"
10.402936163199843,"2"
8.833076177037764,"2"
9.006997412339564,"2"
10.651302429443728,"2"
11.31724078506413,"2"
9.856085622539705,"2"
7.9924680845234946,"2"
10.37918253227948,"2"
10.966578937852697,"2"
10.644591014669887,"2"
10.290585865925989,"2"
9.063516454303398,"2"
10.669954695104016,"2"
9.416050370994062,"2"
8.000923757265552,"2"
8.737077226159752,"2"
10.94050359239199,"2"
9.100798384368765,"2"
8.700626583188692,"2"
9.383224631794212,"2"
10.077403066160716,"2"
8.867910372534011,"2"
11.47659464943708,"2"
10.043177393305605,"2"
9.00769708393924,"2"
9.180842236518735,"2"
9.435494242776421,"2"
9.89249782774857,"2"
8.655985403507291,"2"
10.71748703485239,"2"
9.190990885645418,"2"
8.718989988248348,"2"
9.599140363316884,"2"
9.697739609445009,"2"
11.170773431034501,"2"
12.139899132932662,"2"
8.440526643725168,"2"
10.378554631295442,"2"
10.328947911014897,"2"
10.753203541708686,"2"
11.329104179598392,"2"
10.63590152926534,"2"
9.95032405050124,"2"
7.938683970216124,"2"
10.067368399430883,"2"
9.831679057758024,"2"
10.084167784201869,"2"
9.887824029309188,"2"
9.800086468140751,"2"
11.177091896159345,"2"
9.900761312450546,"2"
10.279357441313946,"2"
8.796118819807374,"2"
11.417737604526488,"2"
11.787083824675062,"2"
9.296345757007831,"2"
10.777080220952096,"2"
10.67775442351172,"2"
10.326261197801168,"2"
10.29479065807016,"2"
10.366639532369685,"2"
10.260197978405097,"2"
9.059235423713055,"2"
9.486646681050118,"2"
10.868064338246983,"2"
8.449103237119592,"2"
9.398692918633651,"2"
9.016368142071808,"2"
10.064772030181354,"2"
9.329329389675689,"2"
10.519016803200905,"2"
10.978592976541774,"3"
12.099011029077626,"3"
9.596824185531709,"3"
9.52874009235261,"3"
11.008144306329477,"3"
9.735061726163499,"3"
9.037357926368202,"3"
9.969508236269899,"3"
10.852532722520612,"3"
9.755889879705245,"3"
10.063837035573519,"3"
11.169560375919984,"3"
9.469871407334091,"3"
11.101318413132162,"3"
9.156016499739385,"3"
9.493068322468762,"3"
10.780303643694761,"3"
10.211290591765922,"3"
9.957127994710325,"3"
10.315454536063433,"3"
10.219248839224095,"3"
10.888396747872426,"3"
9.840619813220426,"3"
8.807093920024943,"3"
10.6454448533336,"3"
10.080927240532839,"3"
9.793251347471157,"3"
10.254424143398856,"3"
10.16633036975452,"3"
9.893771663623157,"3"
11.364413755293556,"3"
9.96337109276089,"3"
10.674318278230048,"3"
8.766136574116416,"3"
11.723935158788098,"3"
9.813807992439296,"3"
9.958222208466326,"3"
10.740733891343066,"3"
10.756572806243053,"3"
9.947695232857315,"3"
8.472353503510293,"3"
9.470820078016654,"3"
8.884677692629612,"3"
10.468808854972453,"3"
9.827232912084616,"3"
8.89269515431035,"3"
10.985065445321977,"3"
9.264741782011365,"3"
8.5725307907439,"3"
10.87736534062811,"3"
8.970897551242528,"3"
11.075323026747938,"3"
11.519067240418888,"3"
11.623391070392213,"3"
9.506498423896154,"3"
10.5162649888694,"3"
10.107041409906465,"3"
11.105833125736536,"3"
9.255834737441656,"3"
10.382270146848846,"3"
9.930049408492431,"3"
11.396841034065194,"3"
12.653136250635832,"3"
10.962222557093298,"3"
7.955738738097348,"3"
11.330926934063381,"3"
11.025587405719412,"3"
10.31319143485685,"3"
9.764778712844452,"3"
9.167645690403429,"3"
9.557900806297472,"3"
8.401128917405535,"3"
9.596081070527653,"3"
9.826450082627987,"3"
10.666618035097269,"3"
10.150223181178754,"3"
9.786102893573537,"3"
11.469224197800454,"3"
10.748928450158076,"3"
11.069272368722533,"3"
7.575442315338622,"3"
10.394997073481989,"3"
8.217633976882796,"3"
9.468947500934618,"3"
10.497052982760655,"3"
9.305915476912384,"3"
9.267332163702134,"3"
11.688394524317145,"3"
11.44649037052704,"3"
9.84048806045804,"3"
9.890343252600642,"3"
8.290849729870962,"3"
9.485656866692748,"3"
9.663486845351425,"3"
9.353168185511656,"3"
10.261029533952827,"3"
10.627632683215175,"3"
9.758107389746238,"3"
9.440357540745675,"3"
11.378430507475965,"3"
9.300119414565346,"4"
12.402964820282332,"4"
10.680899116251418,"4"
7.125647982603054,"4"
10.401666531566837,"4"
12.043851331256054,"4"
9.572484064931349,"4"
11.13366183659711,"4"
10.004006690709787,"4"
10.152053031153851,"4"
11.25003707733791,"4"
9.015339824071981,"4"
9.227526530298844,"4"
8.276332370798084,"4"
9.996174139112384,"4"
9.879033029226948,"4"
10.106229116532182,"4"
10.636931726278078,"4"
11.848308263824663,"4"
10.300047424229572,"4"
9.731026895942062,"4"
7.907970346120514,"4"
10.307486990226998,"4"
11.236324906150948,"4"
8.613509203210365,"4"
9.629553528533917,"4"
9.22549961964027,"4"
8.079337260359654,"4"
10.833966613569883,"4"
9.707283385393486,"4"
10.73968726272889,"4"
8.743346087214652,"4"
8.962125870930837,"4"
10.961132793666259,"4"
10.993215095653992,"4"
9.91324216667314,"4"
11.201875423058187,"4"
9.817234151041015,"4"
8.5515461477444,"4"
9.416151775475061,"4"
10.962333137016989,"4"
11.08820179726397,"4"
8.515867837071594,"4"
9.46962614907212,"4"
9.330239482202119,"4"
9.02555747077122,"4"
10.763901616821396,"4"
9.672842882968675,"4"
10.59367628072893,"4"
8.96322378820014,"4"
9.295547135440007,"4"
7.216591358097521,"4"
10.649300043739833,"4"
11.096859474758933,"4"
10.054859237375723,"4"
10.286795513676172,"4"
11.117544343749818,"4"
10.784668958464554,"4"
11.396016171363131,"4"
11.282189482154367,"4"
9.600309613859416,"4"
9.99150673642051,"4"
8.389660422948216,"4"
10.411980218796472,"4"
10.100177487707382,"4"
9.65208339518118,"4"
9.790218822980219,"4"
8.657814489547256,"4"
11.425475065544786,"4"
9.056628792490839,"4"
10.186001928998401,"4"
10.056474831745206,"4"
9.984732345267576,"4"
11.39885749237506,"4"
10.260013964638985,"4"
9.297569241239376,"4"
10.075821828596647,"4"
10.50184066798619,"4"
8.218681795169054,"4"
9.668137295463312,"4"
10.311926026554888,"4"
11.945951554638576,"4"
10.936534051346326,"4"
10.165093398928402,"4"
8.575741481666808,"4"
9.662220553979186,"4"
11.644518892822886,"4"
9.99587882286378,"4"
11.596315914348551,"4"
10.169736855621247,"4"
9.488533792539377,"4"
10.525031661977199,"4"
10.690570447500779,"4"
11.590159232637626,"4"
11.279712563732266,"4"
11.539324482971987,"4"
10.952689220636366,"4"
9.8025773725986,"4"
9.033353754686548,"4"
10.99549137704426,"4"
10.650745384597116,"5"
9.684406991742398,"5"
10.244371995970717,"5"
10.669415108102095,"5"
10.320632339813235,"5"
9.547944602583597,"5"
9.145183406665232,"5"
10.77668173080864,"5"
10.304224276291492,"5"
9.301814179304051,"5"
10.967293420442395,"5"
9.322293628367987,"5"
10.902098779902296,"5"
9.79494129705334,"5"
8.151405441631866,"5"
8.896211014204368,"5"
10.120038805815504,"5"
11.2871413103449,"5"
8.708598310825632,"5"
9.863741442183958,"5"
9.814174053547115,"5"
10.204841499386196,"5"
10.864288597022513,"5"
9.226246411821228,"5"
10.170329358593404,"5"
9.336724351328701,"5"
8.92968426636892,"5"
11.080225761557188,"5"
10.220588317579885,"5"
9.674613325831762,"5"
8.77399128446715,"5"
9.010879650796381,"5"
9.012680367973742,"5"
8.83858417281708,"5"
9.570262576768805,"5"
10.538577916575107,"5"
9.383126903276258,"5"
10.62898585228712,"5"
10.9329624823431,"5"
11.166457341501195,"5"
9.845354996262424,"5"
11.896074399751903,"5"
11.569274346762873,"5"
13.01527247168266,"5"
10.474928386924239,"5"
8.588946423542978,"5"
9.995335976689235,"5"
9.409550003219607,"5"
8.674812497524963,"5"
8.705162738002329,"5"
8.430627350787775,"5"
10.96338889946086,"5"
8.804441659595076,"5"
10.458047482181746,"5"
9.46869056935721,"5"
9.087138194394218,"5"
9.716544473623415,"5"
9.930701599311146,"5"
9.978337775329196,"5"
10.332551226817042,"5"
9.494598813676404,"5"
9.983994218164876,"5"
9.279284646459732,"5"
10.436207596819346,"5"
10.993466416371843,"5"
9.579614252719274,"5"
8.14289437171628,"5"
10.462228343325972,"5"
11.415352007129778,"5"
9.102346461722322,"5"
10.213247858893164,"5"
8.037576242155223,"5"
13.03482672915488,"5"
9.830569994663314,"5"
9.95048166418724,"5"
10.153780363739074,"5"
10.341985217594562,"5"
9.154310871316143,"5"
9.407378034468286,"5"
9.49178891866055,"5"
8.963901736286566,"5"
8.635569402516696,"5"
9.006278572892397,"5"
10.558642939648589,"5"
11.314174588913332,"5"
9.522136750913342,"5"
10.660348990185229,"5"
10.49245337691938,"5"
9.912294134957271,"5"
12.292796246214134,"5"
9.160028855958263,"5"
10.577339001148845,"5"
10.964760214343164,"5"
9.639594102061436,"5"
9.641132520745302,"5"
10.55402124693515,"5"
10.946637111247984,"5"
10.665221485844075,"5"
9.563089210825785,"5"
10.343430902427162,"5"
9.012272760898428,"6"
11.218074369983757,"6"
10.01275963958264,"6"
9.262935565683373,"6"
11.522443145805237,"6"
10.105914344864788,"6"
8.926772088544306,"6"
8.969946675600887,"6"
9.655642771441784,"6"
9.668504721965213,"6"
10.107559891087542,"6"
11.3843619921319,"6"
7.87336247240847,"6"
10.446967027877426,"6"
8.371009081115114,"6"
9.82917144017156,"6"
7.670110737420997,"6"
9.173702588933029,"6"
10.5341024420696,"6"
9.66993804374701,"6"
11.229730257654984,"6"
7.519514386587138,"6"
9.66034178141009,"6"
10.330761608683272,"6"
9.951934714280235,"6"
8.802949239395288,"6"
9.580902611491176,"6"
9.877805510694001,"6"
10.826759992880806,"6"
8.238670300470021,"6"
10.755489287826437,"6"
10.356620104986433,"6"
10.838878549496803,"6"
10.580431662406756,"6"
10.039980231535296,"6"
9.643485785955049,"6"
11.441757271101562,"6"
9.294001728739952,"6"
10.449916472232413,"6"
7.841716236967608,"6"
8.992895493252133,"6"
9.923706716462886,"6"
11.030384290367042,"6"
10.570996346794493,"6"
8.528637261974861,"6"
8.907566460101416,"6"
9.597597126202276,"6"
9.582145483359021,"6"
10.17909709649227,"6"
9.798423133094955,"6"
9.4315940097392,"6"
10.019410860325758,"6"
10.17667216286743,"6"
9.751275788714945,"6"
7.706397078324169,"6"
8.475959416271577,"6"
9.726896977909282,"6"
7.945733999440143,"6"
11.243299701222726,"6"
9.801298950580392,"6"
10.85637160445272,"6"
11.379785543233956,"6"
9.635312181374054,"6"
9.812669362504664,"6"
9.692278620529267,"6"
9.515197323590508,"6"
10.127423517966495,"6"
9.536398244396842,"6"
9.605547309251996,"6"
10.543001256237504,"6"
9.845475152721527,"6"
10.675810088481096,"6"
9.696387451334317,"6"
11.526264868009251,"6"
9.094698240735736,"6"
8.749016043962525,"6"
8.949856198123525,"6"
10.472789048049012,"6"
10.30823532585036,"6"
11.312802131208084,"6"
10.542336631609679,"6"
10.274698255571742,"6"
8.844122917463244,"6"
10.87259454689601,"6"
9.32200278796771,"6"
8.885861242704053,"6"
10.061122810960931,"6"
9.830209908677043,"6"
11.376973918903596,"6"
9.460996320143439,"6"
9.006902613137738,"6"
9.994013050582973,"6"
11.11986547210474,"6"
8.401030792105864,"6"
10.868288559246723,"6"
11.146937852342049,"6"
8.214161329200552,"6"
8.724623857910062,"6"
9.42724953590949,"6"
9.002254041725033,"6"
9.362919514210697,"7"
10.434550449547812,"7"
9.712811310700848,"7"
9.32768143325813,"7"
8.138279852650644,"7"
9.90118440430934,"7"
8.777559769673559,"7"
10.413565654608883,"7"
9.437440101956547,"7"
9.005127166603536,"7"
11.893754087509148,"7"
9.971054293368242,"7"
10.339047585146083,"7"
8.675200038186754,"7"
9.174406783829435,"7"
10.56320815592915,"7"
10.126999441664923,"7"
8.43260601627209,"7"
9.516490294730623,"7"
9.811318405653301,"7"
10.115163375277957,"7"
11.054495008473896,"7"
7.101191610663259,"7"
11.101840365744575,"7"
9.63062468684503,"7"
8.706602663834166,"7"
10.361772866035249,"7"
8.770242193615326,"7"
9.286604228028377,"7"
10.146537954334503,"7"
11.967133719220536,"7"
8.566823597119605,"7"
11.053013683594116,"7"
11.274548835099168,"7"
9.472307696287404,"7"
7.731823591888437,"7"
10.726429621481099,"7"
9.786317237077863,"7"
10.866426847936493,"7"
10.182675275932002,"7"
7.262944018807891,"7"
9.561843326797776,"7"
9.781848836440444,"7"
11.635024838991594,"7"
9.442014648539654,"7"
9.342631992080907,"7"
9.60499721563216,"7"
10.265318162524235,"7"
8.723057529898414,"7"
9.41687800680086,"7"
9.129752045604645,"7"
11.614849237119651,"7"
9.522744890814932,"7"
10.844527785941787,"7"
10.189006771140392,"7"
9.650281760991566,"7"
9.716517127175152,"7"
11.357140547518862,"7"
10.846543463177667,"7"
9.576056056583239,"7"
9.395333743860526,"7"
8.79181902490036,"7"
10.270072002863015,"7"
9.637034678693263,"7"
8.761781964821893,"7"
9.784028865729898,"7"
8.91366662272052,"7"
10.410291198784435,"7"
10.216531221349523,"7"
9.096532400801088,"7"
11.022063698474454,"7"
10.782339745285686,"7"
9.618174559486821,"7"
9.687697353074025,"7"
10.007333436966295,"7"
10.61545530538292,"7"
11.270471177304762,"7"
9.606682050069095,"7"
8.92777764924951,"7"
8.306248273832418,"7"
10.332944690531857,"7"
8.949064082758689,"7"
12.114100106988253,"7"
8.770838372258899,"7"
11.025030345203469,"7"
9.87156530089711,"7"
10.861662888614687,"7"
9.212019915628696,"7"
9.962410447495404,"7"
8.805428056767333,"7"
11.446046150255777,"7"
8.016314872277883,"7"
10.279802640268999,"7"
8.74800007951822,"7"
9.426662463339536,"7"
11.186158532441238,"7"
11.45075680713322,"7"
9.064894314904864,"7"
10.434507316090995,"7"
10.260897431660862,"7"
8.818601486077856,"8"
12.691074325685765,"8"
8.923475360902383,"8"
10.380906226387639,"8"
8.693796344639196,"8"
10.087640510893474,"8"
10.056380097636989,"8"
10.645698888019725,"8"
9.889429144822534,"8"
9.25645320650925,"8"
10.34289720309861,"8"
10.844362926935451,"8"
11.237723964367012,"8"
8.830314763540496,"8"
8.077463936652247,"8"
8.975524580915986,"8"
12.406813987340366,"8"
11.119418370777758,"8"
10.150163609510686,"8"
11.091946498558665,"8"
10.175332307883883,"8"
10.683909319666995,"8"
9.915189545577041,"8"
9.881656375444807,"8"
10.017580005074219,"8"
11.618428083300596,"8"
9.478683245644204,"8"
9.764501466189424,"8"
7.4427630103847875,"8"
9.343669351772382,"8"
9.228624567377908,"8"
9.279973002303985,"8"
9.702145947598865,"8"
10.998802565369939,"8"
10.703378436930471,"8"
8.448657205580126,"8"
9.58477740424193,"8"
10.905196688072165,"8"
9.424852089354241,"8"
10.528253736452356,"8"
10.01732125592071,"8"
9.26088207736191,"8"
9.152240149044696,"8"
10.798620320416338,"8"
10.599848344722746,"8"
11.120535833534731,"8"
10.166401922322164,"8"
10.82397126905296,"8"
11.289352399512177,"8"
11.70492461664065,"8"
9.161642158780001,"8"
9.962253739764318,"8"
10.913387665205644,"8"
9.091703924409336,"8"
10.683930170525993,"8"
10.955214405892118,"8"
9.513440344228142,"8"
9.845353935039663,"8"
10.193570275126495,"8"
11.398482309483905,"8"
9.654511985414475,"8"
10.156801453821906,"8"
11.195412137787141,"8"
11.36959257856134,"8"
9.327715738149168,"8"
10.553464925394163,"8"
9.275213303949089,"8"
10.127970728836093,"8"
8.78022271849487,"8"
9.554938635941356,"8"
10.372322054968778,"8"
9.166594231618262,"8"
9.782586337037845,"8"
9.041352938849672,"8"
10.84775647469166,"8"
8.182563604155833,"8"
10.95326510342023,"8"
10.880525566672889,"8"
10.317702757349569,"8"
10.124278903343969,"8"
11.897305466851119,"8"
10.651325940423813,"8"
10.716711719152176,"8"
8.92782860132338,"8"
8.816319324469866,"8"
10.772257913768751,"8"
10.483146762655684,"8"
11.833438486129904,"8"
9.891162644547002,"8"
9.804773053247974,"8"
10.36941174379336,"8"
9.87765581546284,"8"
10.653931606735647,"8"
9.759671746391103,"8"
9.348964288609565,"8"
8.93946986571557,"8"
9.158308220053035,"8"
9.70588941080603,"8"
10.130881409594787,"8"
9.493512513695839,"8"
10.45685315357723,"9"
8.96681490642587,"9"
9.264876819989839,"9"
11.182319246986719,"9"
8.88683051469337,"9"
8.965103030197891,"9"
10.905175064828304,"9"
9.776183576221117,"9"
9.343930498912835,"9"
10.425369285329955,"9"
7.677751329841937,"9"
9.83181922136231,"9"
8.923546582359895,"9"
10.514652606445097,"9"
10.732399380515671,"9"
9.36052738837525,"9"
11.135605577978765,"9"
10.780302189465482,"9"
9.894899028679765,"9"
11.531930717248557,"9"
9.58655092393673,"9"
9.72809366863774,"9"
9.984108162170541,"9"
9.433298167795117,"9"
11.147098442962092,"9"
10.409024803296916,"9"
10.269467597383183,"9"
9.001282420773967,"9"
11.590609182055662,"9"
11.40444468188496,"9"
10.683177199132933,"9"
10.196185465497285,"9"
10.472589135662142,"9"
10.243085998596252,"9"
9.648249796167473,"9"
9.528906757856653,"9"
9.165639868117248,"9"
9.486626755822696,"9"
9.738154051560398,"9"
10.587617012409595,"9"
7.113673927741839,"9"
9.689813606138726,"9"
10.231391908171048,"9"
11.604359879845639,"9"
10.997798543935916,"9"
8.66349449983827,"9"
8.909869249375852,"9"
10.457300971608298,"9"
10.004398688896911,"9"
10.696713789049515,"9"
8.871778215108627,"9"
8.078864593619349,"9"
10.367007630292875,"9"
10.757690253872472,"9"
11.57196862438542,"9"
10.029701703383763,"9"
10.27092149959108,"9"
10.632859229431773,"9"
11.187753608938916,"9"
9.282592518832955,"9"
9.329587536266136,"9"
8.028641626445049,"9"
8.411678712035705,"9"
10.724574046156034,"9"
10.737773032563664,"9"
9.133154509777743,"9"
9.731441472222164,"9"
8.464818854249595,"9"
10.3377106320921,"9"
9.010609481409674,"9"
10.542036405927117,"9"
10.369965124301586,"9"
9.844451991557934,"9"
9.107389528826884,"9"
10.44603171936707,"9"
9.676460420590868,"9"
13.09726240202135,"9"
11.141919349457488,"9"
11.304668046703762,"9"
10.670772995762508,"9"
9.029495906495777,"9"
12.193992904966542,"9"
9.070399228930146,"9"
9.776115107615142,"9"
8.998614093450664,"9"
10.943158139552944,"9"
11.705095048952119,"9"
8.996264565823742,"9"
9.651242948274398,"9"
7.697166569490693,"9"
10.026201078070253,"9"
10.358220395376529,"9"
10.507024314153485,"9"
9.382419205729192,"9"
11.9010332413408,"9"
10.19857064431152,"9"
10.671323889893063,"9"
9.594202118776135,"9"
9.89415472603268,"9"
9.221882862201912,"9"
8.298899077366793,"10"
9.04485688230695,"10"
7.720893425071662,"10"
9.204395070854368,"10"
11.758153731233223,"10"
8.28088168597672,"10"
11.272332936495223,"10"
10.206417068155782,"10"
10.085466730282535,"10"
9.509698831048349,"10"
9.195745549686878,"10"
9.160407208759526,"10"
11.546103079529988,"10"
9.199285195380984,"10"
9.492842936716107,"10"
10.288711497509588,"10"
10.766232212396915,"10"
8.56928074355999,"10"
10.525044405269401,"10"
8.594213896810228,"10"
10.698648341654605,"10"
10.70711864748806,"10"
9.646146356479612,"10"
10.73341513880045,"10"
9.959922586282266,"10"
10.023331470074682,"10"
9.189637649476632,"10"
9.764579378304864,"10"
11.289951962592362,"10"
7.966007353956926,"10"
10.601307586264399,"10"
10.613521424070289,"10"
10.099306880684189,"10"
10.39904305121328,"10"
10.604678013542564,"10"
9.874420907782113,"10"
11.489453510837997,"10"
9.275987802968746,"10"
9.794087026047569,"10"
10.26238695752427,"10"
10.686914316085232,"10"
9.397207649171879,"10"
10.854056773938984,"10"
10.046829662671207,"10"
10.564580936144049,"10"
10.540459820853526,"10"
11.027794511560451,"10"
9.287545517344151,"10"
9.050445964911907,"10"
10.776467027537368,"10"
8.305954804480322,"10"
10.986640200031122,"10"
8.363586293575537,"10"
13.82556447210461,"10"
9.684974136900284,"10"
9.82232280092574,"10"
7.943489313858855,"10"
9.288494896401193,"10"
9.161027439907736,"10"
9.903757087549659,"10"
10.09124896115934,"10"
9.072697900127391,"10"
11.408347741654095,"10"
11.227971635545575,"10"
10.030014282053065,"10"
9.222512781973421,"10"
9.613758224050573,"10"
9.081864431354735,"10"
11.066709194286377,"10"
10.658831550691334,"10"
10.241930109092435,"10"
8.239208181924964,"10"
8.643114216670389,"10"
8.833505531420768,"10"
9.439986677164196,"10"
9.055389904333168,"10"
10.953612456965526,"10"
9.970077844114096,"10"
10.040843818343204,"10"
9.964548772953057,"10"
8.209499980788314,"10"
10.589309864571597,"10"
8.986781742541744,"10"
10.514451842096829,"10"
8.338500796938757,"10"
11.065208686357131,"10"
9.177124900793586,"10"
9.640030162505115,"10"
10.562064810022981,"10"
10.226137221086233,"10"
10.232768777387822,"10"
9.43441053768617,"10"
10.453375163219164,"10"
11.08248915630199,"10"
10.295930437248005,"10"
7.403781046681599,"10"
8.99542806393586,"10"
9.386782101280152,"10"
11.105588762274408,"10"
9.535741525574101,"10"
9.09362000607247,"11"
9.548079057466083,"11"
10.966193107035323,"11"
8.76069175575404,"11"
10.44088171197887,"11"
9.298302507368772,"11"
11.501041132278104,"11"
11.385140992315936,"11"
10.651159588354057,"11"
9.967421112693998,"11"
8.392739032328402,"11"
8.726331608429263,"11"
10.782404821225368,"11"
10.652696363187706,"11"
10.150179561653378,"11"
10.28291246960951,"11"
11.54519766636162,"11"
9.499943545919683,"11"
10.331527239654921,"11"
8.404302442492888,"11"
8.179988502229104,"11"
10.278759841045948,"11"
11.03221228845385,"11"
9.625861796749726,"11"
9.476690758451234,"11"
9.93869640297571,"11"
9.099634685149645,"11"
10.030678054388463,"11"
10.81848155661382,"11"
11.923295066061625,"11"
10.01434495397235,"11"
10.62598973081464,"11"
8.185502118408008,"11"
11.890342606406778,"11"
11.939278320767945,"11"
9.105348073410838,"11"
9.59186849144656,"11"
9.707445106208406,"11"
12.173116824837077,"11"
9.960858555056822,"11"
11.883530311026648,"11"
10.970262740180782,"11"
9.367283961793282,"11"
8.398793817549567,"11"
8.77493015819599,"11"
10.598461228142384,"11"
10.323906374093333,"11"
8.698678626418008,"11"
10.334861195924788,"11"
11.027641961096021,"11"
9.497589880511343,"11"
7.742842576451434,"11"
10.551714323031092,"11"
10.634248586935076,"11"
10.345848088353673,"11"
9.884960460315932,"11"
9.431073314923603,"11"
10.802659761787236,"11"
9.448590405155946,"11"
11.248355576933408,"11"
10.588434211393961,"11"
10.34732920945707,"11"
10.09953300672919,"11"
10.09819988519071,"11"
9.932206323134409,"11"
8.33286234093818,"11"
10.980343068941023,"11"
9.91576250090868,"11"
9.618435195872475,"11"
9.623356153727771,"11"
11.086283526875851,"11"
9.96538646985888,"11"
9.947521314320403,"11"
10.219938535353608,"11"
10.636786232234991,"11"
11.522294946966294,"11"
9.644412375664649,"11"
8.958502091645999,"11"
8.94363462339034,"11"
9.463828049109818,"11"
8.810880603461955,"11"
8.18051189464201,"11"
10.529553302678194,"11"
10.329411466790638,"11"
8.798114035489952,"11"
9.543330542086709,"11"
9.182457034439464,"11"
10.322132280265432,"11"
11.594639533364429,"11"
10.378431506598645,"11"
9.044918606094715,"11"
10.752832369312447,"11"
8.956413650234028,"11"
8.736693555644125,"11"
9.340940997877677,"11"
11.253668407596646,"11"
9.205495904413626,"11"
8.981324612414062,"11"
10.76624348574769,"11"
9.541774748801332,"11"
9.548785711265682,"12"
9.387310783842908,"12"
9.143311335031894,"12"
11.763665246372824,"12"
9.946357023938566,"12"
9.502763373090684,"12"
10.265569344022444,"12"
9.981699619543049,"12"
10.183834553283287,"12"
8.901797856310813,"12"
10.151343313691905,"12"
10.666270981785237,"12"
9.66180103499355,"12"
9.178247519760165,"12"
9.020268201899775,"12"
10.100666376733495,"12"
9.32351002196637,"12"
10.211771342284253,"12"
10.801701266675785,"12"
9.838955751881667,"12"
10.207517934865205,"12"
11.093671819017029,"12"
9.891826305744537,"12"
10.247253340453605,"12"
8.856156969789371,"12"
10.012024268345952,"12"
9.252935147555736,"12"
9.248435359724231,"12"
10.623141458269226,"12"
11.495295724266725,"12"
12.048003335774002,"12"
10.137104199330649,"12"
9.495341435444782,"12"
10.041374785449882,"12"
9.461574781921986,"12"
9.539481719177974,"12"
10.376350078284014,"12"
10.156509669833516,"12"
10.702262079033416,"12"
12.70827246665374,"12"
11.384287872624139,"12"
8.307371139373375,"12"
9.604845195211073,"12"
10.703777735918312,"12"
9.989273008014166,"12"
9.046350496623798,"12"
9.851358647360062,"12"
11.35475546538436,"12"
11.090023282603177,"12"
10.982064971420495,"12"
10.931365296832373,"12"
9.309083651404377,"12"
11.93575544448738,"12"
8.966375076385457,"12"
10.04099707606995,"12"
10.797196964332095,"12"
10.489003358069724,"12"
10.544261285099266,"12"
9.455715239928617,"12"
10.143638386454622,"12"
11.449078510507741,"12"
9.514368041323548,"12"
10.337154743022989,"12"
10.18617793031864,"12"
9.517638594985458,"12"
10.739984195028873,"12"
9.387788480818845,"12"
8.486289317138914,"12"
9.989968018196194,"12"
7.637824575852159,"12"
8.630167600833204,"12"
10.48140140226634,"12"
9.908733847292593,"12"
8.705997758641892,"12"
9.0491516494911,"12"
11.684196283328745,"12"
10.39013959851149,"12"
10.160693001456396,"12"
10.366067659028857,"12"
10.258993617578195,"12"
11.249654669711653,"12"
9.499682236094854,"12"
9.198308537078676,"12"
9.68807352345168,"12"
9.491824806989928,"12"
9.723652952921048,"12"
11.617001946668363,"12"
10.513066223780893,"12"
10.093366657140784,"12"
9.742402649273654,"12"
10.882110849606796,"12"
8.34481454364474,"12"
10.267114260176319,"12"
9.334272852796776,"12"
11.312096038235218,"12"
8.284999740843675,"12"
9.337271396270253,"12"
10.33290401476522,"12"
6.696201637989267,"12"
8.496483467500033,"12"
9.861455715259485,"13"
11.083434877309312,"13"
8.058737135221383,"13"
9.577389253648997,"13"
10.213133593893449,"13"
10.937672460447578,"13"
10.549145927420266,"13"
9.434652103466776,"13"
7.773278073385054,"13"
8.876420649747333,"13"
11.220724646631925,"13"
8.27762067753221,"13"
10.247175781430283,"13"
8.648837564156093,"13"
10.364339749501033,"13"
9.40054632680419,"13"
9.35158243054392,"13"
9.821800267349774,"13"
11.142194928311161,"13"
11.08900063052478,"13"
10.270404408936795,"13"
10.90730248012597,"13"
9.931815112204594,"13"
9.984534575964734,"13"
9.694982399514211,"13"
9.826819117233185,"13"
8.798696161648342,"13"
10.213056056332782,"13"
11.40849109121388,"13"
10.770442859912336,"13"
11.443829211183647,"13"
9.525169946740478,"13"
10.416708707164124,"13"
10.909698245431644,"13"
10.266551016977397,"13"
10.78939664882006,"13"
9.15349077618443,"13"
9.388504643017217,"13"
11.795281802673014,"13"
11.078672528622995,"13"
9.093521700536783,"13"
9.20022766687951,"13"
10.115888190972228,"13"
10.639863491226295,"13"
10.563738475877104,"13"
9.232459987507816,"13"
8.61028596927102,"13"
9.89829414586106,"13"
9.265697180410589,"13"
9.80743624876011,"13"
11.366950207630323,"13"
9.041187317485253,"13"
9.042467500287358,"13"
8.659201459325756,"13"
9.414853140093628,"13"
9.70423067801411,"13"
9.108082612437709,"13"
9.950596807965693,"13"
9.420461109403796,"13"
8.651147032293528,"13"
10.771544577550774,"13"
10.83014609830519,"13"
10.102316106338076,"13"
9.292352851511668,"13"
8.67646411417923,"13"
10.082671919556038,"13"
9.245291677852771,"13"
9.80447262032892,"13"
8.63091791394888,"13"
8.884963465789419,"13"
9.512397287028323,"13"
9.702559446057741,"13"
8.81362843834108,"13"
11.644323080624329,"13"
11.930479076893777,"13"
11.040474285290877,"13"
9.48301331087627,"13"
10.382649224746869,"13"
9.219037379121534,"13"
10.97310759016746,"13"
10.818848699070166,"13"
10.5527096426271,"13"
10.616437491364998,"13"
9.170864911452226,"13"
10.111338569715056,"13"
10.514761485305872,"13"
9.869035492313898,"13"
9.528246041266124,"13"
9.216186874821851,"13"
10.310784244943797,"13"
11.959810559223863,"13"
9.71456937585419,"13"
9.342697383082939,"13"
8.081299983567474,"13"
9.789277893874333,"13"
9.74549693857662,"13"
8.212135078577548,"13"
9.604667643026364,"13"
11.028173857621606,"13"
9.047206825579053,"13"
11.28573134661303,"14"
8.90394838562872,"14"
9.729307858379913,"14"
9.30326206938268,"14"
11.756134809070169,"14"
11.224680507465193,"14"
9.742797790034814,"14"
10.305279297256924,"14"
10.422178053187507,"14"
11.342966754408463,"14"
11.17096189167837,"14"
10.562700602293903,"14"
10.796909685611855,"14"
7.4220932407313835,"14"
8.874135975770134,"14"
9.52013803219352,"14"
9.544936060991038,"14"
10.3194914211295,"14"
9.927130131034534,"14"
9.645374229002257,"14"
11.06350577539807,"14"
8.83040791978848,"14"
9.323542141181735,"14"
11.31632620641452,"14"
10.24425512848158,"14"
9.570052505146904,"14"
9.17039233415646,"14"
8.237272161850544,"14"
9.31128593155207,"14"
10.934714134395739,"14"
7.764898724233015,"14"
9.185516734213847,"14"
10.826251059897176,"14"
11.228869482419718,"14"
9.855298117976252,"14"
10.469415082004264,"14"
8.129183320015114,"14"
9.14337612744286,"14"
9.863463639873942,"14"
10.901626126647528,"14"
10.22394814203164,"14"
10.518693801469094,"14"
10.680977332416614,"14"
10.825614733541572,"14"
9.688025721258054,"14"
8.153673957665097,"14"
10.640882234122506,"14"
9.981082840377299,"14"
9.56704638550886,"14"
10.369624773005587,"14"
9.011904205317112,"14"
10.471906341218274,"14"
9.86756672359184,"14"
9.705109558350328,"14"
10.872737865006274,"14"
9.921175283514795,"14"
10.489373679144798,"14"
8.617493781182262,"14"
10.068456067418452,"14"
11.16075798317601,"14"
8.903957072671538,"14"
10.58427682178204,"14"
8.508018898987157,"14"
9.261542130560555,"14"
10.786462841591021,"14"
9.619495311999932,"14"
10.222310409794796,"14"
10.598619185992082,"14"
10.408116606629072,"14"
8.3960152990689,"14"
10.793698701786036,"14"
9.296304279787956,"14"
10.047820901055006,"14"
9.942878855039819,"14"
10.740364070478673,"14"
11.320570313615258,"14"
11.154030298517982,"14"
10.038910313701248,"14"
11.16558268802017,"14"
10.322106811753741,"14"
8.254030539539539,"14"
10.932217346053191,"14"
10.352299955822641,"14"
9.478026039112141,"14"
9.60744689533285,"14"
8.847485824105258,"14"
8.092062778307971,"14"
11.240325373217367,"14"
10.59185390044661,"14"
9.616507833205143,"14"
11.951341604236209,"14"
10.792543252304352,"14"
10.353343999547981,"14"
9.165816026375936,"14"
8.824681773043325,"14"
9.671003157703801,"14"
9.273242547753906,"14"
10.33441560234782,"14"
10.186637547703999,"14"
9.94394689837578,"14"
9.247862530726426,"15"
10.021869255907978,"15"
7.996470222051904,"15"
9.774548442968037,"15"
10.651608525287104,"15"
10.491996783371745,"15"
10.482664183811925,"15"
11.380481547867472,"15"
10.987976051596856,"15"
10.575841905497287,"15"
9.0248238331542,"15"
8.39706122240648,"15"
11.047820319246,"15"
10.85300701324503,"15"
8.747677809429513,"15"
9.51028434840265,"15"
9.579074321219807,"15"
11.30233214518188,"15"
9.533086096612648,"15"
11.487360932198488,"15"
10.206571056577864,"15"
11.212311925171417,"15"
12.257246548044971,"15"
8.552378399486146,"15"
10.950090330716042,"15"
8.851974324460913,"15"
10.125586161096784,"15"
11.007872607544225,"15"
10.171437646271114,"15"
9.164942622986139,"15"
10.067248716165738,"15"
9.672092693322428,"15"
11.065789953568782,"15"
11.606449936590428,"15"
11.880326725125284,"15"
9.459070410986339,"15"
11.811476258090394,"15"
9.09482860963382,"15"
11.040616926450927,"15"
10.929243437214625,"15"
10.033217002742855,"15"
10.913116943161866,"15"
11.277890944129565,"15"
10.251201704832482,"15"
8.233071326556978,"15"
10.050808333353446,"15"
10.04428098273921,"15"
10.475038618737141,"15"
9.936713896741898,"15"
9.659435126939874,"15"
11.111059006993504,"15"
9.244892611926232,"15"
8.854110534877321,"15"
10.164118192205766,"15"
8.95662062649206,"15"
10.85009598076243,"15"
8.910086930103864,"15"
10.24067680000279,"15"
10.724368461781598,"15"
9.300124834833724,"15"
11.18228657879393,"15"
10.033554738276674,"15"
8.203969427046031,"15"
10.727672100444432,"15"
9.351281703212324,"15"
11.321832064616377,"15"
10.028540643276882,"15"
10.207958340891361,"15"
10.960366678460357,"15"
8.763596416964386,"15"
9.12981175987393,"15"
11.055616141830027,"15"
10.518132975404207,"15"
9.914732994468473,"15"
11.258441825245425,"15"
9.465720790305866,"15"
8.550409129825994,"15"
11.021188033410171,"15"
10.103758737959577,"15"
10.109357298813292,"15"
10.567173190478632,"15"
10.421116621464092,"15"
11.046203736606518,"15"
9.457565825292084,"15"
9.966732445894992,"15"
10.493473219255895,"15"
11.71884363074248,"15"
9.623947248425086,"15"
9.230058852403733,"15"
11.118480658868586,"15"
10.817752363940226,"15"
9.475670067447473,"15"
8.47446129822999,"15"
10.324419330958495,"15"
9.133136192636595,"15"
8.824311220259073,"15"
8.720679540056812,"15"
9.336416961747508,"15"
5.729758434638236,"15"
8.796781833866973,"15"
9.176816082177842,"16"
11.453172788803418,"16"
11.468624636579596,"16"
10.225668135523053,"16"
10.128208662660587,"16"
9.403150402483515,"16"
9.555877629638568,"16"
8.824445144797327,"16"
9.593357516587693,"16"
10.129361662459777,"16"
8.676317730824211,"16"
9.883627894509898,"16"
10.877784053555136,"16"
9.631826788612212,"16"
9.454206776217656,"16"
9.540318444610701,"16"
9.688192664919052,"16"
9.796944665839542,"16"
9.297488436716854,"16"
7.918924169841018,"16"
10.371115277212834,"16"
10.134092143709248,"16"
11.221842388290758,"16"
10.904195135214671,"16"
8.687425292950861,"16"
9.787047771918118,"16"
10.783255228927892,"16"
10.688315364499454,"16"
8.67038341112695,"16"
8.917624800466696,"16"
11.433594538733571,"16"
9.25611180484289,"16"
10.949620684597145,"16"
10.03286501915228,"16"
10.352067964408727,"16"
10.894171520064305,"16"
9.788700591069402,"16"
9.740324222772363,"16"
9.31899380956561,"16"
11.773140728117655,"16"
9.04459773330564,"16"
10.408480404176544,"16"
8.434674230834824,"16"
10.329642112171893,"16"
12.016404107168716,"16"
10.129489087632914,"16"
8.781060052186714,"16"
10.339300193360442,"16"
9.083532593182985,"16"
10.19604654828959,"16"
8.2243677435746,"16"
9.241695147495783,"16"
8.970930930459842,"16"
9.904272822917322,"16"
11.029104035461474,"16"
9.628653712785963,"16"
10.937708121740204,"16"
8.788544659403001,"16"
10.031834988401586,"16"
10.712700599376522,"16"
10.600831660800235,"16"
8.895829450041559,"16"
12.57699795997942,"16"
12.779070820154338,"16"
11.514920192652411,"16"
11.471902669056822,"16"
9.907922400349385,"16"
9.436259952825434,"16"
6.623926968418418,"16"
9.455466236018534,"16"
9.556235333077083,"16"
11.049337255135875,"16"
10.344632395501819,"16"
10.041567346276096,"16"
9.766053436245814,"16"
9.7117014265863,"16"
11.65301888535263,"16"
9.7090402568616,"16"
8.906483488999646,"16"
9.555997210939978,"16"
8.4725855171047,"16"
10.280733333657398,"16"
9.070062655953135,"16"
11.093971660069682,"16"
11.117832256322021,"16"
11.029803849167692,"16"
8.075421887228586,"16"
9.433444901903387,"16"
9.671866946918886,"16"
10.338102047307814,"16"
9.467003520680143,"16"
9.725285246281436,"16"
8.875092312963575,"16"
10.119194452353304,"16"
7.911488134519324,"16"
9.334964255023591,"16"
8.473037659532299,"16"
11.215658669809596,"16"
9.772668583491615,"16"
9.95630096093409,"16"
11.48093507846904,"17"
9.750111765861972,"17"
11.538778841393505,"17"
8.690874346690409,"17"
8.774514437170662,"17"
9.183821776682468,"17"
11.307569032240492,"17"
10.048526934881208,"17"
10.429334450858805,"17"
10.012802848790813,"17"
8.886193936763847,"17"
11.278029648571263,"17"
9.70426708296868,"17"
10.487314062264675,"17"
9.790079505935182,"17"
9.805778497475648,"17"
10.062985783286974,"17"
11.903063546187514,"17"
11.032374933253362,"17"
11.484628808205306,"17"
10.022575113651971,"17"
8.964088793668157,"17"
9.973277633710572,"17"
9.26953422842,"17"
10.890462969971825,"17"
8.983483783575538,"17"
8.552478248351566,"17"
11.348160323694744,"17"
8.515347324140087,"17"
11.122874110547293,"17"
9.022560738858514,"17"
10.512275846520968,"17"
10.031197953975857,"17"
11.319929339676435,"17"
9.244989452928815,"17"
9.642115325161148,"17"
8.634700537008083,"17"
10.503237713976581,"17"
9.391737984640578,"17"
9.959565685077832,"17"
9.357601371803606,"17"
12.228980763660667,"17"
9.872046877328478,"17"
10.423204356809054,"17"
10.928403901121461,"17"
10.956490245484877,"17"
11.756980275348702,"17"
9.691066930964402,"17"
10.163099406516064,"17"
8.7223245377612,"17"
9.67427957589253,"17"
9.210143244245462,"17"
9.675124821760155,"17"
10.712397794285183,"17"
10.261227931487591,"17"
10.439533059416966,"17"
12.233437492174614,"17"
10.318914491210812,"17"
10.157696550479038,"17"
10.101445431806093,"17"
10.389664181232705,"17"
9.727175934854955,"17"
11.78967742214126,"17"
10.551856107408362,"17"
9.198999502636456,"17"
10.011035334179839,"17"
9.844054618510977,"17"
9.739773752255218,"17"
10.382849881593899,"17"
10.340032498665428,"17"
9.555228514981225,"17"
10.82735441294975,"17"
10.231244369707928,"17"
10.002541706416382,"17"
8.43140131931158,"17"
12.117313269986852,"17"
10.186700310019775,"17"
10.072329842815943,"17"
9.699213238078139,"17"
9.979574107845734,"17"
9.761734461455807,"17"
8.897272974816147,"17"
10.096139586556927,"17"
10.396902338241874,"17"
9.118005340558556,"17"
11.644650283228643,"17"
11.503409512343808,"17"
11.294387304683386,"17"
9.376684489691142,"17"
9.12014076868643,"17"
11.134194797199733,"17"
9.582231919400913,"17"
11.630128019972261,"17"
8.938407890741201,"17"
9.072224105269378,"17"
10.866359664759035,"17"
8.582700177034125,"17"
9.389227821705777,"17"
10.999874264292314,"17"
8.18774630766946,"17"
10.234374423184343,"18"
9.530117969091272,"18"
10.172474125179184,"18"
10.403482375573239,"18"
9.197726811124454,"18"
9.688631349176996,"18"
10.597652169111308,"18"
10.9416271205836,"18"
10.601041732917116,"18"
8.229092819781922,"18"
10.081125935143145,"18"
9.413081463504998,"18"
8.438128612363245,"18"
10.621285481878104,"18"
9.968293203046345,"18"
9.889130988444215,"18"
9.391254551386812,"18"
10.913059945955926,"18"
10.19156670989064,"18"
9.733512429014702,"18"
9.58310325653264,"18"
8.06770811438948,"18"
11.062368115858561,"18"
9.050202821036265,"18"
9.529964219616724,"18"
10.129883552793817,"18"
10.725124133376449,"18"
7.296903662143732,"18"
10.270517265032387,"18"
10.674069864488837,"18"
9.974650175032659,"18"
10.28303408854292,"18"
11.195082885906512,"18"
9.851307907191815,"18"
9.700495048333256,"18"
9.526811897303409,"18"
9.471033071614162,"18"
9.751580379459332,"18"
9.039459465429314,"18"
10.600302218722119,"18"
9.883656023723661,"18"
10.544619588712031,"18"
10.633138315857435,"18"
10.704303205520503,"18"
7.784551174581907,"18"
11.495835254115736,"18"
10.148898464074037,"18"
10.05030869009192,"18"
9.995205845481973,"18"
10.385691218827702,"18"
10.267756684418819,"18"
8.967387879481727,"18"
10.139473027428075,"18"
11.210026006011713,"18"
9.32680667141922,"18"
10.49806342778674,"18"
11.167287929846665,"18"
9.512904730216917,"18"
9.191023170945893,"18"
10.6687958134857,"18"
9.723047121501272,"18"
11.152416588899191,"18"
11.273677237811517,"18"
10.85743782263537,"18"
8.768855959364,"18"
8.54341944003608,"18"
9.59891203484088,"18"
10.630063854239179,"18"
9.913233149090434,"18"
10.866374471363196,"18"
8.594045281631328,"18"
9.388142015889553,"18"
10.205583974222982,"18"
9.510066328425621,"18"
10.384302924555646,"18"
10.260981619810703,"18"
9.635848083621152,"18"
9.331670688504229,"18"
9.783948059502576,"18"
11.61552680399335,"18"
9.276994727972493,"18"
9.449255727703946,"18"
9.171784597577776,"18"
10.695077503469783,"18"
12.089508989466228,"18"
9.01910582062652,"18"
9.933166165607997,"18"
10.322760720466674,"18"
9.303755768020691,"18"
10.204094102765696,"18"
10.77728705076171,"18"
9.934777975687716,"18"
10.41170604286315,"18"
11.912231511450916,"18"
11.720790666959916,"18"
10.901554004995386,"18"
10.873768112779192,"18"
10.836137381156131,"18"
9.303075832282996,"18"
9.723675442343941,"18"
9.417193129265247,"19"
10.525834760685736,"19"
9.996363817071016,"19"
11.999596556256863,"19"
8.450167973763241,"19"
10.488103758295443,"19"
10.488872922085697,"19"
13.791822993154108,"19"
10.702526545260932,"19"
8.429298205576421,"19"
10.097815564092516,"19"
8.644288309638803,"19"
9.655949359871164,"19"
9.770612082338824,"19"
11.46513014632693,"19"
9.244400691655018,"19"
9.585465693566945,"19"
8.849818988174006,"19"
9.374409788922272,"19"
10.52367798479562,"19"
8.200424310001686,"19"
9.129763953762806,"19"
8.102245376948568,"19"
7.910071859359929,"19"
11.00431948498162,"19"
9.976513801361966,"19"
9.49676633723744,"19"
9.093454811786462,"19"
11.066367188811281,"19"
10.988035216308527,"19"
10.617168812935104,"19"
10.473605730415743,"19"
9.308633595982318,"19"
10.161754087814689,"19"
11.70772255657382,"19"
10.762665289814272,"19"
9.119629889086475,"19"
8.902215014571574,"19"
8.899713390920176,"19"
10.309496090956438,"19"
10.268362281721943,"19"
10.680202083040985,"19"
11.17849254200836,"19"
10.570556622745432,"19"
10.090449835299212,"19"
10.733746403994703,"19"
10.390773576175118,"19"
9.254795080151649,"19"
11.402311533783847,"19"
9.692560479156866,"19"
9.990400176218971,"19"
9.069189270036528,"19"
10.775339612827215,"19"
9.813789735376941,"19"
10.551750503270492,"19"
10.021301878308053,"19"
9.269934887523029,"19"
9.88824031019554,"19"
8.80516015787323,"19"
12.306376820611007,"19"
8.743393415751697,"19"
11.211081203978733,"19"
10.876911750804029,"19"
9.210721429897216,"19"
9.770012887428583,"19"
9.258164432811999,"19"
10.47932878516153,"19"
9.027328495024008,"19"
12.332278916452086,"19"
8.724594438464184,"19"
8.650770399638258,"19"
10.312207775657855,"19"
10.691411381841407,"19"
10.200815673359884,"19"
10.94240196843744,"19"
9.25558533167524,"19"
10.978625651484228,"19"
11.171470436648633,"19"
10.853227266037885,"19"
10.227041795471868,"19"
7.431642660894276,"19"
9.745185707448902,"19"
9.88076619101528,"19"
8.565552462642376,"19"
9.486248789078333,"19"
8.931437354470875,"19"
9.108318850540273,"19"
7.710482079467225,"19"
10.056340620355043,"19"
8.803708645991135,"19"
10.818762074621826,"19"
9.755886855292372,"19"
9.8695094236682,"19"
9.786821609525658,"19"
8.074904694286001,"19"
10.275626100200984,"19"
12.29738264754069,"19"
10.258495101858703,"19"
11.16608140417712,"19"
10.347741233650513,"19"
9.43138312668688,"20"
9.614622301307485,"20"
10.21736140148353,"20"
10.137428037593,"20"
8.833579263918761,"20"
8.876973349322483,"20"
10.965255820707151,"20"
9.496229303008967,"20"
8.453527176968937,"20"
11.744622967992866,"20"
9.650970114390185,"20"
9.390791419730856,"20"
8.610017820430915,"20"
8.314387737792618,"20"
8.610725417972702,"20"
11.45389020070681,"20"
10.299676314809272,"20"
10.576604694023125,"20"
8.995643706949984,"20"
9.468771042477739,"20"
11.172767921030898,"20"
10.17708076503817,"20"
11.044396724772696,"20"
11.306948262310378,"20"
9.928140294339629,"20"
9.423170530863576,"20"
10.826484261380974,"20"
9.306323509630909,"20"
9.083932925969169,"20"
10.14846853023777,"20"
9.649168866361343,"20"
9.629723579135996,"20"
10.84109871643286,"20"
9.161543269881216,"20"
8.45899100647106,"20"
11.801500481149436,"20"
9.850413044561876,"20"
10.038130645118217,"20"
10.111116858455418,"20"
9.415968696005141,"20"
10.592049408112917,"20"
8.8546643889395,"20"
10.891077295147152,"20"
9.322042363561726,"20"
10.593672427743586,"20"
9.369170521233995,"20"
10.035598472982873,"20"
8.012097320700578,"20"
9.593165805147223,"20"
11.134786544968698,"20"
9.789914337561795,"20"
10.92494371195556,"20"
8.725190758986487,"20"
9.493707570339446,"20"
10.130047839498,"20"
7.305592256726051,"20"
9.203784618610777,"20"
11.451752592276689,"20"
9.485324672371677,"20"
10.404330811631645,"20"
10.592179817739716,"20"
8.80736304788675,"20"
10.956472664437118,"20"
10.928548457273147,"20"
10.893380242402944,"20"
10.453241213922738,"20"
11.120543113948369,"20"
9.406324165998845,"20"
11.049121848317744,"20"
8.739924268446082,"20"
11.20640837605324,"20"
11.207492186213683,"20"
10.415173524732792,"20"
9.433073373612574,"20"
8.18708250307378,"20"
9.659606465801792,"20"
10.052035540676528,"20"
9.954285504585622,"20"
10.38693389295993,"20"
11.908595982137399,"20"
9.875248377177918,"20"
10.775892721019744,"20"
9.49913735878468,"20"
9.698274433228471,"20"
9.535695045226678,"20"
9.56966265765214,"20"
9.39143003516423,"20"
8.532057426613134,"20"
9.51100832262946,"20"
11.369742777568774,"20"
10.39082415795833,"20"
9.779159572834972,"20"
9.901660235313837,"20"
11.963341267048605,"20"
10.26041794293401,"20"
10.557324857645806,"20"
10.082438476102542,"20"
9.576391319827344,"20"
11.60965196689812,"20"
8.78905040368857,"20"
9.127388795403315,"21"
9.026336845806112,"21"
9.050616194208255,"21"
10.310813039357633,"21"
10.224569405018169,"21"
10.801831915925593,"21"
9.152188007497745,"21"
10.017015638660759,"21"
11.472986001289131,"21"
10.513689280843442,"21"
11.013670868443045,"21"
10.728450082172495,"21"
10.071547776402072,"21"
11.913486377031678,"21"
9.977732954341958,"21"
10.121022693998695,"21"
10.044639859192742,"21"
10.26836703824334,"21"
8.026576003609376,"21"
9.050448621303492,"21"
10.532598449783777,"21"
8.651891995831344,"21"
11.735120539289088,"21"
12.316930527599384,"21"
10.009486918320688,"21"
7.8251262235590895,"21"
10.850693452114058,"21"
10.175565729614467,"21"
10.033305383836874,"21"
10.159919484378378,"21"
9.964091688756172,"21"
9.82853301909704,"21"
9.927416352207544,"21"
9.071204026465578,"21"
10.90566035439203,"21"
8.363080256049907,"21"
10.256144330454603,"21"
10.076531223251985,"21"
12.247318926472817,"21"
9.856174183493716,"21"
11.428481912287037,"21"
10.227308007410217,"21"
9.478774976625578,"21"
9.734262176849967,"21"
8.789816935561854,"21"
10.755582561065834,"21"
9.432893659020861,"21"
8.457394326999454,"21"
10.734888082270697,"21"
8.368963074648844,"21"
8.667601409271573,"21"
11.568670754510762,"21"
9.969648526388614,"21"
9.749472736005304,"21"
9.54727358834768,"21"
11.380217003905646,"21"
10.61089254885978,"21"
10.029662132197604,"21"
9.935332096350749,"21"
9.207496162751063,"21"
9.189270855913966,"21"
10.14305097756336,"21"
10.777363938700427,"21"
9.417011853351836,"21"
10.102426493225177,"21"
11.729613907617598,"21"
10.686001652091509,"21"
9.86208255104694,"21"
8.346133314095361,"21"
10.979064206384763,"21"
9.754784524503595,"21"
10.839469204030927,"21"
8.044304985527534,"21"
9.694054999770518,"21"
10.686893385813422,"21"
8.681470320048051,"21"
9.577237916279298,"21"
9.10255494655338,"21"
9.01776401203625,"21"
9.954024462731288,"21"
10.718245600695912,"21"
10.330138265677796,"21"
10.81305210389747,"21"
9.936147072809291,"21"
9.708634658573985,"21"
10.197231434739308,"21"
10.278612323003305,"21"
9.604317831381056,"21"
9.324624770796957,"21"
9.950540527245538,"21"
9.411634036401784,"21"
10.482143494303331,"21"
11.075548008512522,"21"
9.487994307719102,"21"
10.73292459790203,"21"
12.123740171058106,"21"
10.382187915847458,"21"
11.262169573032253,"21"
9.227283059005053,"21"
10.298313718834466,"21"
10.029826938162778,"22"
9.955607500207039,"22"
10.976498491032954,"22"
10.269000041531106,"22"
10.597161040605325,"22"
8.300080054713025,"22"
10.767923142636187,"22"
11.17899198759234,"22"
8.884107699319978,"22"
10.194333715631098,"22"
10.67573393958661,"22"
10.843769301076152,"22"
9.42151888003271,"22"
10.78752724213192,"22"
10.4047736218274,"22"
8.522652394219643,"22"
9.725885022338078,"22"
9.99756512976425,"22"
10.749936473354262,"22"
9.72393510830256,"22"
13.488089956146041,"22"
10.531503273863697,"22"
11.638724058814201,"22"
9.767376543254773,"22"
10.774931469160869,"22"
11.143535146882856,"22"
9.83954951048156,"22"
10.618347575080676,"22"
8.803488437823198,"22"
9.454758224317297,"22"
8.773420761698901,"22"
9.899599898246832,"22"
9.949667650741619,"22"
10.131317456154548,"22"
10.047286158388122,"22"
9.016890482898274,"22"
10.66213929394481,"22"
12.074390367578731,"22"
10.393410401693199,"22"
10.050656408809603,"22"
10.088439258484744,"22"
10.363070958804387,"22"
8.505511951682143,"22"
11.656884330765502,"22"
10.393766480624942,"22"
9.980090302508241,"22"
9.152617335572819,"22"
7.472146250327324,"22"
11.506075484782881,"22"
9.068514468625587,"22"
10.846567169736543,"22"
10.171369305622322,"22"
9.10113015746445,"22"
10.402849894553274,"22"
9.205881478048255,"22"
10.346771499622024,"22"
9.8847012117479,"22"
10.733616234524039,"22"
10.60297934404399,"22"
11.311494517160416,"22"
10.845004678058885,"22"
9.904868342649936,"22"
9.677836015674462,"22"
9.917184523693223,"22"
8.272918674354418,"22"
8.953702195984793,"22"
9.65416301631481,"22"
10.022458440901751,"22"
10.85984666775655,"22"
10.22735833306845,"22"
10.711918600500349,"22"
8.937391621333175,"22"
9.686949650769574,"22"
10.309334039290906,"22"
8.638505695831146,"22"
9.137495904042458,"22"
11.573392718782735,"22"
9.068340996779098,"22"
9.458817747891244,"22"
9.295627444663475,"22"
10.27890908986376,"22"
10.588545379348453,"22"
10.188353775625927,"22"
11.899077648853561,"22"
9.939751743394272,"22"
9.398670138907612,"22"
10.266679005133398,"22"
9.889220359805211,"22"
9.188526616909458,"22"
10.078884106047298,"22"
9.298887689747463,"22"
9.305451856369313,"22"
9.654808293425761,"22"
10.877224850319607,"22"
10.567780483562476,"22"
10.660852810140165,"22"
10.537934165643739,"22"
11.27365085875713,"22"
10.567993811611263,"22"
9.807740179546506,"22"
12.36163808172595,"23"
12.257142572185149,"23"
8.847789545438044,"23"
10.471367230639652,"23"
10.028091505199034,"23"
9.725312091726703,"23"
10.873023591356406,"23"
9.667340390224092,"23"
10.139525313092305,"23"
8.87941563388637,"23"
9.961248232999177,"23"
10.132511401567768,"23"
9.794810732295693,"23"
9.476804590273572,"23"
10.714927953512099,"23"
10.850778268528975,"23"
10.190609420707377,"23"
9.46757276257097,"23"
9.409506098911853,"23"
10.13369064089057,"23"
10.943677413269334,"23"
10.696915838040733,"23"
10.88715415829913,"23"
10.258073875959486,"23"
9.423038116129867,"23"
9.37627744148502,"23"
11.35744978327986,"23"
8.907063793012222,"23"
8.110003318603985,"23"
9.280453714004688,"23"
10.126383623258468,"23"
9.26907256096978,"23"
9.873802287367294,"23"
11.631245974072922,"23"
8.692363774886287,"23"
9.575987700050932,"23"
12.192385087876794,"23"
8.249642993245132,"23"
8.836569142259211,"23"
10.480458049230487,"23"
8.285489042312912,"23"
10.082305158977363,"23"
10.43699929501684,"23"
9.587633130251865,"23"
9.846902236869443,"23"
11.747889909013196,"23"
10.491194969691925,"23"
9.446613053494136,"23"
11.159928407496633,"23"
8.802949715490387,"23"
11.091366970838699,"23"
9.523528682489454,"23"
11.404967738817298,"23"
10.931415630771374,"23"
9.197892834641536,"23"
9.410187959269734,"23"
10.301447383692766,"23"
10.280456298269451,"23"
9.464521211228316,"23"
10.380153186334676,"23"
10.267583798652634,"23"
9.764320381274464,"23"
9.821113703490399,"23"
9.513713518895825,"23"
11.45001138685701,"23"
9.403638957153154,"23"
10.548752242745483,"23"
11.64979564781586,"23"
8.658054741633318,"23"
10.72848907522887,"23"
11.027193636751196,"23"
9.22075218647907,"23"
10.260003080647605,"23"
9.662306933328276,"23"
9.680991181643058,"23"
9.025738571328663,"23"
9.343223535418774,"23"
10.898632331980483,"23"
9.552790711776824,"23"
11.826081460045579,"23"
9.707736351909931,"23"
10.781548302872991,"23"
9.878811920056139,"23"
9.675339600803571,"23"
10.394405972129508,"23"
9.633400100407464,"23"
11.77871765462416,"23"
8.73284460250854,"23"
9.16158285516014,"23"
9.35916655429647,"23"
8.82106768483671,"23"
8.450905852986294,"23"
8.055579707258822,"23"
9.108398014664402,"23"
10.90516947098124,"23"
8.010475835320351,"23"
10.995986674575176,"23"
11.327873599945775,"23"
10.398862642204353,"23"
11.954427966012135,"23"
10.726308722310359,"24"
7.820540340347277,"24"
10.680838676446834,"24"
9.896445858718373,"24"
10.9711253065342,"24"
10.869493250755522,"24"
9.259268129770845,"24"
9.96433788240065,"24"
10.745289362352432,"24"
9.781148196266917,"24"
8.151314076618746,"24"
9.900587914678448,"24"
9.134892389689306,"24"
9.475391293946625,"24"
9.10874427397994,"24"
11.678735800572959,"24"
9.904343820995523,"24"
11.148523332706,"24"
10.240043694831298,"24"
12.253918000563969,"24"
10.315975888971845,"24"
12.307621101548982,"24"
10.351684855324413,"24"
9.945899546518916,"24"
9.97571415044867,"24"
10.326616951740142,"24"
10.377491598314764,"24"
9.285733139118214,"24"
9.536542348300134,"24"
11.098196089400034,"24"
7.927654521656301,"24"
9.601970769490272,"24"
8.328556681244784,"24"
10.150658607665214,"24"
11.897792784584643,"24"
9.981071073484193,"24"
8.66785504489334,"24"
11.30062831417596,"24"
8.092168563758923,"24"
9.752586729706739,"24"
8.283887398750396,"24"
8.724969445061644,"24"
9.870865161409625,"24"
11.233187096284203,"24"
10.2295571240267,"24"
9.991910934679657,"24"
8.358042373337895,"24"
10.802464298391856,"24"
9.622194185487707,"24"
9.394315148511284,"24"
10.654498040206592,"24"
8.815576059140804,"24"
10.308507665493876,"24"
9.768292588965148,"24"
12.035047002282381,"24"
10.025252447262963,"24"
10.4016035188142,"24"
10.23284923528844,"24"
8.929665845122498,"24"
9.040275114419854,"24"
11.599113356081716,"24"
10.0553368176494,"24"
10.802689370791393,"24"
11.009291070647576,"24"
9.491857061910627,"24"
10.730345302357048,"24"
9.094147129503451,"24"
9.220178187986125,"24"
8.543864733863334,"24"
8.572570982654343,"24"
10.169170943630133,"24"
11.195084423966374,"24"
9.759732462429666,"24"
9.669545699949547,"24"
8.575011844598837,"24"
11.371481940385117,"24"
8.969427367569416,"24"
10.048204618618655,"24"
9.520263945833324,"24"
11.65821873005354,"24"
11.316978676739403,"24"
10.955244789921467,"24"
9.859833367291435,"24"
10.57220079023343,"24"
10.500387609296979,"24"
10.142841374386228,"24"
9.13066442587583,"24"
9.368837169796263,"24"
11.191544642665857,"24"
8.513716950400466,"24"
10.32840107556697,"24"
9.037999136471461,"24"
10.596631008738749,"24"
11.340609780065389,"24"
8.37629716831563,"24"
10.007717597337049,"24"
9.709894686111388,"24"
10.366581487018957,"24"
9.370032720816377,"24"
11.855521925394498,"24"
7.876872026720077,"25"
9.473359417578422,"25"
10.078954108845682,"25"
9.817771356873717,"25"
10.616366057744267,"25"
11.653930103258126,"25"
11.202869410801528,"25"
9.209410968709232,"25"
9.318307075872308,"25"
9.592032188161669,"25"
10.251153895380499,"25"
10.526653789153585,"25"
9.423310391069792,"25"
8.98403866978836,"25"
9.763305878303761,"25"
10.396111761548623,"25"
9.429675897214079,"25"
10.321185581475271,"25"
9.319050678131275,"25"
9.35064676184411,"25"
9.190750728758577,"25"
10.004755494135686,"25"
10.527793465859327,"25"
10.902496806195462,"25"
10.01119436849282,"25"
9.984441679389743,"25"
9.274024883006087,"25"
9.602257686277435,"25"
10.180373399415783,"25"
10.131129680569037,"25"
9.27884199305481,"25"
9.655965706107432,"25"
9.678560796543934,"25"
8.261707602069084,"25"
9.746995953553709,"25"
10.726502734007951,"25"
10.489129176017201,"25"
10.20430733901972,"25"
8.766507706925003,"25"
12.916390669151772,"25"
7.885784118260315,"25"
11.365001566696238,"25"
10.042752570122309,"25"
10.10696895253454,"25"
9.38498949099136,"25"
9.754556964327394,"25"
8.656343318027451,"25"
9.573047658779911,"25"
9.267914018149705,"25"
9.157459943358782,"25"
10.06816766606924,"25"
9.636872412827126,"25"
10.368924616229403,"25"
10.771137274110668,"25"
10.621938540372811,"25"
9.267955526864661,"25"
9.251015185812422,"25"
9.650832210480715,"25"
9.588890788737537,"25"
8.724873032883048,"25"
9.11307463079066,"25"
10.0920761816433,"25"
9.843513767087352,"25"
9.79737186483898,"25"
10.28557500293922,"25"
11.833356138945792,"25"
9.309947529327763,"25"
10.640795432473235,"25"
10.682819885529447,"25"
11.749037490841324,"25"
10.26016340277013,"25"
10.640865605563068,"25"
10.594147352528722,"25"
8.94348717332842,"25"
10.529579545804474,"25"
11.233393355288797,"25"
9.664238792251894,"25"
9.338742400531629,"25"
10.714955461739397,"25"
9.711426829081818,"25"
9.817472892408285,"25"
8.215234075781717,"25"
9.81124417042407,"25"
9.803874103703231,"25"
10.203358921222922,"25"
12.159757930125531,"25"
9.815534313278137,"25"
11.060773591790339,"25"
10.717723016186115,"25"
9.93536308690927,"25"
11.2536520466024,"25"
11.861310098631403,"25"
9.57988955129936,"25"
10.584494445261239,"25"
9.947344312534613,"25"
10.740081227581722,"25"
10.374032845177416,"25"
9.663996201830608,"25"
8.683942701317704,"25"
10.445915657225273,"25"
10.996752526950642,"26"
8.497545229476435,"26"
11.41670091207798,"26"
10.356239144271457,"26"
10.568502317925034,"26"
10.255766202924287,"26"
10.0242990839726,"26"
10.55010985231333,"26"
10.096410401335897,"26"
8.70060372066651,"26"
10.412688097336924,"26"
9.570942043115176,"26"
11.085452279570411,"26"
9.376818806753715,"26"
9.026451487616463,"26"
9.496121254881785,"26"
9.532123053779516,"26"
10.206743592525989,"26"
10.846099552277305,"26"
9.743545688015034,"26"
10.970268266852575,"26"
10.794542871401838,"26"
8.09117165361415,"26"
10.029110303677266,"26"
10.687203048692336,"26"
11.070299160501142,"26"
12.003563698569485,"26"
10.116300710005902,"26"
10.660482487459195,"26"
6.8175087060649595,"26"
8.745345172135673,"26"
9.476893047927916,"26"
10.55408885065347,"26"
10.40833615822116,"26"
10.53862305980509,"26"
8.302400925750357,"26"
10.845563929052233,"26"
10.834055779097584,"26"
10.802506711617957,"26"
11.618894049815202,"26"
9.501001598709687,"26"
8.370451395953616,"26"
8.714283243716896,"26"
9.525004115610528,"26"
8.824754628289744,"26"
7.810398983872507,"26"
8.451482372236217,"26"
8.940082384439545,"26"
9.047917847832348,"26"
10.13267779313029,"26"
6.853147815799058,"26"
10.29322162081529,"26"
9.441229802074886,"26"
10.37030433356846,"26"
10.797680808811148,"26"
8.992499985789115,"26"
10.790950525479913,"26"
9.879348024493869,"26"
9.362654234702047,"26"
8.278767826760376,"26"
9.152893308042914,"26"
10.524632201157218,"26"
11.171960198047417,"26"
10.242469153923592,"26"
10.733266717512691,"26"
10.513376993135234,"26"
9.262920176391555,"26"
9.76614144284126,"26"
9.987619689353624,"26"
9.45402094909888,"26"
10.430938046539781,"26"
10.358318652915356,"26"
10.094332112932245,"26"
8.13197996848382,"26"
9.460804660927087,"26"
10.238141230206068,"26"
9.715991562361914,"26"
10.020069632919652,"26"
7.810158883946658,"26"
9.72953525804275,"26"
10.334253989680441,"26"
11.825062615113266,"26"
9.664230547042617,"26"
9.870981935172374,"26"
10.724403333027308,"26"
9.774616023340961,"26"
11.325194210013889,"26"
10.30729404539499,"26"
10.300273119855488,"26"
11.570937305595203,"26"
10.631305633605642,"26"
11.06561763342032,"26"
10.514873662106561,"26"
10.08767161159267,"26"
11.854132153013605,"26"
10.192589448759117,"26"
13.452467978948569,"26"
8.277346973543715,"26"
8.318596269713018,"26"
9.17824385980655,"26"
8.834661795402477,"27"
10.233682484124786,"27"
10.758367810727838,"27"
9.737074504918889,"27"
10.702335519710703,"27"
9.396257363560437,"27"
12.66795524503376,"27"
7.617749475626568,"27"
10.721134383735626,"27"
11.860378493468705,"27"
9.83965869538106,"27"
10.453766265921576,"27"
10.909476446216127,"27"
9.874687175729298,"27"
8.966188770544324,"27"
9.451966605720997,"27"
8.59228768996446,"27"
10.271963758273264,"27"
10.306798020723251,"27"
9.327553891073725,"27"
11.808344246664568,"27"
10.119139936485269,"27"
10.200491961271933,"27"
9.628413379582557,"27"
10.10240605222303,"27"
9.251770824440474,"27"
11.38571714270437,"27"
11.612176241567374,"27"
8.838343893766055,"27"
9.683216885096355,"27"
9.438139525249092,"27"
10.037739106942757,"27"
9.48944890157402,"27"
8.800760153383495,"27"
8.113889792887178,"27"
9.788676908857626,"27"
9.95792248917749,"27"
8.061734773260314,"27"
11.520794554081112,"27"
9.091168257916795,"27"
11.071744496878809,"27"
10.717826546405957,"27"
11.055402099102835,"27"
10.055666252757653,"27"
11.29554068089308,"27"
10.03203505442445,"27"
9.829814460378525,"27"
9.218331436044842,"27"
11.190633933647057,"27"
10.125668499786617,"27"
9.327286775621742,"27"
10.12694933547701,"27"
9.506975962100892,"27"
8.335932970420426,"27"
11.051754006667016,"27"
10.548001961275753,"27"
9.613883337353766,"27"
9.623302771372414,"27"
10.037767663654334,"27"
10.338036879330694,"27"
9.949156894938648,"27"
10.111059985216617,"27"
8.003301398518255,"27"
9.255883011306441,"27"
9.963797522815167,"27"
10.187278666992452,"27"
9.296528738385955,"27"
11.14003278620948,"27"
9.1742690610502,"27"
10.283673325974371,"27"
9.235432207693158,"27"
11.786799487928322,"27"
12.135718361615893,"27"
11.242218818950874,"27"
10.892800009793142,"27"
11.426321979972574,"27"
9.298265409261736,"27"
10.881236426320264,"27"
9.988020778009133,"27"
9.353927978609686,"27"
9.982945965604697,"27"
10.232026612159318,"27"
8.31701687654528,"27"
11.272081520439425,"27"
10.081264471620493,"27"
9.712751514652854,"27"
8.634496943439329,"27"
9.74748906646163,"27"
10.48621024248687,"27"
10.41970170268084,"27"
10.791611262421558,"27"
12.184850893036806,"27"
9.449315194368957,"27"
9.856762135651918,"27"
10.144848662351764,"27"
11.300581647058848,"27"
9.123188762106155,"27"
9.516940170450301,"27"
9.393645728818711,"27"
10.169911404731335,"27"
10.849727805129652,"28"
10.018218176678232,"28"
9.965690950455546,"28"
11.771290680524615,"28"
8.013133100838862,"28"
10.973595213947505,"28"
9.1443270461208,"28"
9.845173517573773,"28"
11.388747835786672,"28"
9.80543939110569,"28"
9.22015875588757,"28"
9.481650159641571,"28"
10.62437193877118,"28"
10.347870136857635,"28"
10.216408552535237,"28"
10.406753881639794,"28"
9.422561258762373,"28"
8.856158291700138,"28"
8.367107010717719,"28"
9.395049025092957,"28"
10.920279794556901,"28"
11.33760052355331,"28"
11.333613718138304,"28"
8.895836909155795,"28"
10.42760496816694,"28"
9.741502345651519,"28"
8.35720963008335,"28"
8.945648379655177,"28"
10.980891641301811,"28"
11.254245254673604,"28"
10.543432852296842,"28"
11.882040290234468,"28"
10.84763859228176,"28"
10.844739526722035,"28"
8.98856330583487,"28"
10.213621398543177,"28"
10.07469276696428,"28"
10.313673467136923,"28"
10.96351006907052,"28"
10.609651078159901,"28"
12.030658196927211,"28"
9.79534862133572,"28"
9.892185111243732,"28"
9.054538913679032,"28"
10.034235385768774,"28"
10.346185478969549,"28"
8.980401026122909,"28"
10.060195937943975,"28"
10.233032968332658,"28"
10.454924257792973,"28"
9.945473760497286,"28"
8.521098861850984,"28"
8.620391775662132,"28"
9.074731877176147,"28"
10.567140246650256,"28"
10.39065676198835,"28"
11.121459923715655,"28"
9.495435209694039,"28"
9.71434263967593,"28"
12.057943428574143,"28"
10.068446764341747,"28"
9.323325958704151,"28"
8.656013767233084,"28"
8.55614966812875,"28"
9.216752090652816,"28"
9.353063453389344,"28"
10.706315597048356,"28"
8.448013201891658,"28"
9.726226452228596,"28"
9.868975834645145,"28"
8.45762487982138,"28"
7.7571343181074415,"28"
9.288271977953054,"28"
10.198408248959836,"28"
10.545359483257437,"28"
11.521851669793659,"28"
12.067107295494786,"28"
8.919011681302642,"28"
9.023707820954534,"28"
11.712623108056732,"28"
9.586210312026376,"28"
10.868727690826997,"28"
7.6136018903966125,"28"
11.864078980579658,"28"
11.7370410123171,"28"
8.778747168064438,"28"
10.097753900812531,"28"
8.939904714672393,"28"
9.256436767966912,"28"
9.049360766227041,"28"
8.55015171364209,"28"
11.361260451404538,"28"
9.751081608457817,"28"
10.336852443202764,"28"
9.603092360615541,"28"
10.282228473812864,"28"
9.995883853495439,"28"
8.827091871896119,"28"
12.670764386398693,"28"
8.872269815574208,"28"
12.116969637106603,"29"
9.619320173598908,"29"
8.771646491824326,"29"
8.194867901770609,"29"
8.923317581545135,"29"
11.20920884304359,"29"
8.150678154294553,"29"
9.386682736294848,"29"
11.017786827197847,"29"
11.503313304351648,"29"
8.357158254631713,"29"
10.36491527166671,"29"
9.157682913070273,"29"
13.117163210214791,"29"
8.487177545710201,"29"
7.858517960285038,"29"
11.601591763145597,"29"
10.453542140306183,"29"
9.374964388186386,"29"
9.00012984495347,"29"
11.139904828236658,"29"
10.136645634142582,"29"
8.862413066242679,"29"
11.447513148763203,"29"
9.467032344280685,"29"
10.967036584968929,"29"
12.081057380247477,"29"
8.451572104596027,"29"
11.172403873850994,"29"
11.427082731108761,"29"
8.960954853369785,"29"
10.071299628303167,"29"
11.33762131196991,"29"
11.475509321804513,"29"
8.930275718607074,"29"
10.817516451699017,"29"
10.8066251591136,"29"
9.10326709365164,"29"
8.213625354707233,"29"
9.862843468228924,"29"
9.828485599776991,"29"
10.29456428743633,"29"
8.668795936668188,"29"
10.160323354540035,"29"
8.604172806789984,"29"
9.136521702470388,"29"
9.056833954753738,"29"
10.135938666260827,"29"
9.00941727438742,"29"
7.826994308993326,"29"
9.576524995420979,"29"
10.70384126161958,"29"
9.10144999568824,"29"
10.387622266720204,"29"
10.631111758402772,"29"
11.352679090634112,"29"
11.527369814738334,"29"
10.176289842042499,"29"
9.680939046128994,"29"
8.152544289311034,"29"
10.098686748618153,"29"
10.951551294429919,"29"
9.53105103329738,"29"
8.509609515756427,"29"
9.738326616075245,"29"
9.284292776909322,"29"
10.407812347762022,"29"
8.864177876152654,"29"
9.545079066287531,"29"
10.924839057451376,"29"
9.75755591060236,"29"
9.801800129960677,"29"
13.100207042526513,"29"
9.462525279677369,"29"
9.843519289752235,"29"
11.496844636168031,"29"
7.528676913172875,"29"
12.047444572612717,"29"
10.120543866585649,"29"
9.591993531246985,"29"
9.565211472138037,"29"
11.8762931020359,"29"
8.834152783197007,"29"
11.955323031827252,"29"
9.894705997646806,"29"
10.862836534175157,"29"
10.354055667352686,"29"
9.733260300974534,"29"
10.460027593771466,"29"
9.782054857700436,"29"
8.284621774656244,"29"
8.04038272802401,"29"
11.120459291126817,"29"
10.573349400687336,"29"
8.645418760684777,"29"
9.91341581473833,"29"
9.692464046783217,"29"
9.112639402459424,"29"
10.789244550793466,"29"
9.847604838731895,"29"
8.557473264910538,"30"
12.30857563125112,"30"
9.02010784362318,"30"
10.46600822905365,"30"
10.346198622321198,"30"
8.300813406064009,"30"
11.173351647505877,"30"
9.017461755352466,"30"
8.666919029810897,"30"
8.880196951788045,"30"
8.554112204502319,"30"
6.978964478855191,"30"
9.928253372517053,"30"
10.329426403794029,"30"
10.30340747669642,"30"
8.813413021472185,"30"
12.268725007808634,"30"
9.916503787204014,"30"
9.824462430146685,"30"
8.913619771750685,"30"
9.28936493259668,"30"
9.956365587923887,"30"
10.89034423807785,"30"
10.360312384226484,"30"
10.367499583004868,"30"
11.324628197740148,"30"
9.500416210358878,"30"
10.207698562734782,"30"
10.650908992028032,"30"
10.831193716863401,"30"
11.299771136932247,"30"
9.095283880272932,"30"
10.032634871482891,"30"
9.571451023161764,"30"
9.645480718819918,"30"
11.09320752824245,"30"
9.543644741993681,"30"
10.378561582722341,"30"
9.34492284444861,"30"
9.721758691291525,"30"
8.417394479677906,"30"
9.39369873707423,"30"
9.37339858500484,"30"
8.71426998097819,"30"
9.919682755615018,"30"
9.20094736644691,"30"
9.689743833248626,"30"
10.427744834736572,"30"
8.901457946444141,"30"
9.371034935504879,"30"
9.773253673512599,"30"
10.38707672716375,"30"
8.35491878870875,"30"
12.182754341588675,"30"
10.556012599370836,"30"
11.16149876453552,"30"
11.298742730342587,"30"
8.490295608997757,"30"
10.40066502346454,"30"
12.328009756734351,"30"
9.694222717696558,"30"
8.749282523006201,"30"
9.092331544434378,"30"
10.117736907001683,"30"
11.349776878559865,"30"
10.159614453640177,"30"
9.68010056957956,"30"
11.590887028971707,"30"
10.388719883543315,"30"
10.525249446708564,"30"
8.758356792648987,"30"
9.671719259920183,"30"
9.402907558466008,"30"
10.421746790838185,"30"
9.91750867299083,"30"
10.68446094331534,"30"
9.723925872162152,"30"
9.143905745391903,"30"
11.40537911909123,"30"
9.506051203787349,"30"
11.089242520021159,"30"
10.278694555346382,"30"
10.26351739193628,"30"
11.196236726019267,"30"
9.347650263471772,"30"
9.24453062904258,"30"
9.438545796816008,"30"
9.892637404082036,"30"
9.495135576470526,"30"
10.408723550411462,"30"
10.164062601392985,"30"
10.16626948324162,"30"
9.09514000989296,"30"
9.196901810999321,"30"
10.48843278666847,"30"
8.856058155738776,"30"
7.404865447391031,"30"
9.855568986473882,"30"
11.232056277779504,"30"
11.27205990795329,"30"
10.282592618824767,"31"
9.432570332331844,"31"
11.061111241065053,"31"
10.403253903203671,"31"
9.699433788968246,"31"
9.293654285705763,"31"
9.470313025709327,"31"
8.692155159901914,"31"
10.546745487958145,"31"
10.5499294323041,"31"
10.178925848347525,"31"
9.89700803997749,"31"
9.629489385368517,"31"
12.086428575954283,"31"
11.60943183455439,"31"
10.443510232900724,"31"
12.815584235932949,"31"
10.023997834208862,"31"
9.229566973713515,"31"
12.397500714169189,"31"
9.093302265359295,"31"
9.63464035486506,"31"
8.972186799705346,"31"
9.945122623795182,"31"
9.676684341658094,"31"
10.585414250792022,"31"
11.544341954804773,"31"
11.070914011226801,"31"
10.163813816443081,"31"
9.074768372221198,"31"
10.948580602495463,"31"
8.497485196345568,"31"
9.914725883059509,"31"
10.026493177382145,"31"
10.413015073983,"31"
9.270908853852672,"31"
8.975041299407566,"31"
9.382038679544813,"31"
8.751164733318243,"31"
8.665181080917268,"31"
9.580634188022403,"31"
8.569886484309285,"31"
11.146095726331652,"31"
10.460260906007633,"31"
8.654748723906103,"31"
9.321154177710193,"31"
10.12093155716604,"31"
9.07749619804997,"31"
10.715152676907257,"31"
8.930643174111713,"31"
8.96573254492971,"31"
9.773651299718308,"31"
9.779979939600468,"31"
8.897913174993144,"31"
11.374112986682906,"31"
9.269040448230733,"31"
10.792702717324204,"31"
10.16869424839355,"31"
9.470119615218715,"31"
9.958189022596876,"31"
10.69202660736786,"31"
9.479476830059973,"31"
10.948638892246157,"31"
9.834999522983159,"31"
9.030741388129272,"31"
10.755516232540575,"31"
10.211448757473963,"31"
11.51110815035765,"31"
9.98744334339308,"31"
10.754588247003095,"31"
8.007442735325306,"31"
11.795059797240318,"31"
10.659361745040597,"31"
11.094453483839372,"31"
10.912500794619975,"31"
10.427883357006364,"31"
10.850890372853447,"31"
9.94461838110542,"31"
10.343630501926514,"31"
8.270886225380124,"31"
8.970807705431426,"31"
10.01086614087082,"31"
11.634339022400795,"31"
11.192885926619217,"31"
10.915538763440127,"31"
8.816204496205561,"31"
10.432225337830033,"31"
10.016808737300744,"31"
10.342708614737395,"31"
13.601757293068205,"31"
10.358272864906887,"31"
10.567184811762527,"31"
10.999336328928825,"31"
9.519603972877954,"31"
10.248305186007853,"31"
9.769889583125684,"31"
10.883962031463243,"31"
9.588055971074406,"31"
8.56656406177407,"31"
8.196206711690625,"31"
10.743104268642917,"32"
8.496068786965585,"32"
9.634949622433854,"32"
10.657076159726612,"32"
9.531141269873418,"32"
9.219185536758003,"32"
11.010955058193048,"32"
9.345619566984206,"32"
10.198644024700805,"32"
10.246216513425292,"32"
9.504115323669497,"32"
11.102034471331713,"32"
8.833676044047987,"32"
9.039733025224393,"32"
10.403945780826241,"32"
9.347016110824747,"32"
10.632588322815874,"32"
10.828854773807464,"32"
8.659958098334693,"32"
10.288878233049484,"32"
8.51792504069071,"32"
8.63822095011014,"32"
9.735278726676318,"32"
9.967576701091556,"32"
9.075493805689222,"32"
10.551649456526697,"32"
11.471299861059823,"32"
8.933486506154786,"32"
9.894340565777371,"32"
8.304020171380483,"32"
12.354471791828084,"32"
9.301973383460819,"32"
8.22266793763863,"32"
9.492030484111686,"32"
8.827356612503399,"32"
9.783724463911224,"32"
9.882699854715497,"32"
10.378440552309252,"32"
9.433566235801214,"32"
10.527163081916573,"32"
10.725894201437816,"32"
8.748409781507297,"32"
9.701654405597626,"32"
9.827195847642864,"32"
9.88629779915687,"32"
9.85765057407472,"32"
10.971745005919656,"32"
10.463678741290593,"32"
10.068154961314042,"32"
11.773192302413253,"32"
8.316531706650933,"32"
8.234773266502188,"32"
8.904581066693833,"32"
9.002644572597447,"32"
10.942662624975915,"32"
8.347592563459003,"32"
10.62236641846289,"32"
9.522092650117568,"32"
10.14074697378558,"32"
11.463638846335495,"32"
10.04708897773469,"32"
9.523890322374788,"32"
10.114776201304785,"32"
9.119721482325398,"32"
8.101906254386403,"32"
10.352354006273833,"32"
9.498640862751433,"32"
9.201008832924423,"32"
10.517048974735902,"32"
10.803959049285682,"32"
7.235622179446407,"32"
10.776456729565686,"32"
10.239924114162957,"32"
10.093376596895451,"32"
9.163277931372466,"32"
11.337426227870177,"32"
11.535661195758006,"32"
9.152052389416632,"32"
10.53213845529668,"32"
10.29651137516433,"32"
7.23220264093218,"32"
10.666330004216302,"32"
9.875606724180534,"32"
10.613526158511526,"32"
10.116386053339662,"32"
11.975493215802198,"32"
11.37424624306809,"32"
11.86189211847511,"32"
10.433427804887161,"32"
8.77435829086155,"32"
10.299601984610245,"32"
11.278386139387472,"32"
9.157740240146893,"32"
12.02097088390487,"32"
10.754824900925424,"32"
11.328550564353407,"32"
10.886167039995717,"32"
10.491228474204355,"32"
8.748301723242816,"32"
11.817869411583615,"32"
8.109108698071287,"33"
11.55103605837,"33"
10.443310852528263,"33"
11.290089442091228,"33"
8.615655975574363,"33"
10.796406019903975,"33"
10.658545592516546,"33"
10.039721836414234,"33"
10.117720232143666,"33"
9.725520954766948,"33"
9.6715216989362,"33"
9.461206141448868,"33"
11.200483168213616,"33"
10.92340469783571,"33"
8.30618759344555,"33"
9.26404776018548,"33"
10.089092455604902,"33"
10.357881996861112,"33"
10.148284614669985,"33"
9.531529022415917,"33"
10.454732548962186,"33"
9.941680863486313,"33"
11.589373694190163,"33"
8.647876565492535,"33"
8.92157363101347,"33"
12.089287835620055,"33"
9.70602242451986,"33"
10.844828100941884,"33"
11.258921070814193,"33"
10.711658190503302,"33"
11.110625159170745,"33"
9.232270954950758,"33"
8.756695083051799,"33"
9.875909458009271,"33"
9.32763868133317,"33"
9.648765784451259,"33"
8.444690817161918,"33"
10.264968835755642,"33"
9.843267243787125,"33"
8.925669961829007,"33"
9.330921035609963,"33"
10.377393428206878,"33"
10.84008534398762,"33"
9.45776195374926,"33"
10.61889727399099,"33"
10.757595016151456,"33"
9.555206888109739,"33"
11.819316415521241,"33"
8.805591424847051,"33"
10.901260578444298,"33"
11.05716996251465,"33"
9.161766771552031,"33"
9.5208367882229,"33"
9.611075759267319,"33"
8.631359128822233,"33"
9.446538926902143,"33"
11.435551181423502,"33"
11.565423507686422,"33"
8.907239904630813,"33"
9.22206027592512,"33"
7.994757337293656,"33"
11.512597078132968,"33"
8.643288709433175,"33"
8.926488508089593,"33"
9.54141215175434,"33"
9.68390388781413,"33"
8.485470982893258,"33"
11.330057968793398,"33"
10.23042365927255,"33"
9.79382867330172,"33"
11.402057859513247,"33"
9.504317100464139,"33"
10.302324664875988,"33"
9.745501591919329,"33"
9.54659507265305,"33"
10.962435799170192,"33"
9.663753156342018,"33"
9.24689843519819,"33"
9.66136891214457,"33"
11.254998086719947,"33"
10.62138621218192,"33"
9.815366284376626,"33"
10.603733326332044,"33"
9.763636831048109,"33"
8.183871133661873,"33"
10.41594542671737,"33"
10.478383950460795,"33"
10.250075542024218,"33"
10.483010597233598,"33"
10.984093861808416,"33"
8.665326018748605,"33"
9.338775887465248,"33"
10.533518126543202,"33"
9.767011277162648,"33"
9.723846499404974,"33"
11.06154799353668,"33"
9.343851302135034,"33"
8.963867999984522,"33"
10.36539392360577,"33"
10.584937442277372,"33"
7.188460457938296,"34"
10.495083454290048,"34"
11.241165002306388,"34"
10.73632190981014,"34"
8.489045656973643,"34"
8.712942264623294,"34"
9.10995910130424,"34"
11.583550342443727,"34"
9.2269459188812,"34"
10.41995270827398,"34"
10.742963112207526,"34"
11.332864497007343,"34"
9.989217176788678,"34"
8.868123109150234,"34"
9.824712400366435,"34"
9.591743464344969,"34"
8.492139502386909,"34"
11.517638431028239,"34"
9.734633935861922,"34"
9.817978218738963,"34"
10.530264764516724,"34"
7.980891905956584,"34"
12.369426857642178,"34"
9.66238802380909,"34"
10.380796288358711,"34"
8.634018008382233,"34"
10.822300540462356,"34"
10.695933406231442,"34"
10.091859560235871,"34"
11.638884804250845,"34"
9.39992509209747,"34"
9.61273342070291,"34"
9.68044776042651,"34"
9.371775295255853,"34"
11.813409480269327,"34"
10.897451737307867,"34"
10.178505969235955,"34"
10.209659044076702,"34"
9.919428716186948,"34"
9.896416346186411,"34"
9.602137037537187,"34"
7.50768096659335,"34"
10.105999225088002,"34"
11.21173169929212,"34"
9.370035448353068,"34"
8.32360055219279,"34"
10.048185329532341,"34"
10.018088146705484,"34"
9.764044834499988,"34"
10.692916064832223,"34"
10.55295548671815,"34"
10.279276110707853,"34"
9.344853643500329,"34"
9.472412709365837,"34"
8.608574980195428,"34"
9.253010329496243,"34"
9.655699806411366,"34"
10.094920035148702,"34"
10.850710476764034,"34"
10.359220798468339,"34"
10.865924412307734,"34"
9.835206337082697,"34"
9.813094979051126,"34"
10.403204712597653,"34"
11.28662203893715,"34"
10.173966537507013,"34"
11.918382822867724,"34"
10.127470941023462,"34"
10.232671219697622,"34"
12.01749152768189,"34"
9.200209157814182,"34"
8.648203119031464,"34"
9.124424696914726,"34"
8.221723101668141,"34"
9.43569042192168,"34"
10.2011656805418,"34"
8.280147587873554,"34"
8.718679431579854,"34"
9.37843039786476,"34"
9.866939416196548,"34"
11.325774552939745,"34"
11.114808590038438,"34"
11.117708168677847,"34"
10.79509145625804,"34"
11.32945189314131,"34"
10.434870198553122,"34"
7.86103628625135,"34"
11.780622847034492,"34"
9.176307259686773,"34"
8.425209876641901,"34"
9.937831681292812,"34"
10.00009541689417,"34"
9.433972148482258,"34"
9.21625485400228,"34"
8.54827626438246,"34"
9.18250368821468,"34"
11.057091543450081,"34"
9.368440985996267,"34"
10.486658595875994,"34"
11.894828381697753,"34"
11.213237799368244,"35"
11.29766987831621,"35"
9.083788560393856,"35"
10.022160039661786,"35"
8.899392048915088,"35"
8.58359426283386,"35"
8.948475363701156,"35"
9.47580901413252,"35"
10.312599847297417,"35"
10.413482437502088,"35"
8.909601408534082,"35"
10.372067530563127,"35"
9.196053399116474,"35"
10.341495466954534,"35"
9.631026484930581,"35"
9.91736836552814,"35"
10.170529615700849,"35"
9.863148117323302,"35"
10.668548822006438,"35"
9.054866639782436,"35"
10.470118774812542,"35"
9.850354739838362,"35"
8.728498217493838,"35"
9.681136393963476,"35"
11.226999195137282,"35"
11.001514441111542,"35"
9.694952559474551,"35"
9.980670623827724,"35"
10.376708798432364,"35"
8.300978594916579,"35"
10.18990506039552,"35"
9.038462050993195,"35"
10.920589453251635,"35"
9.72336587758541,"35"
9.752954174917804,"35"
9.878284674037959,"35"
11.369093860369697,"35"
10.962608295071545,"35"
11.357962649806618,"35"
11.76916915026353,"35"
10.778482181669974,"35"
10.362250844555023,"35"
9.628826676400307,"35"
10.46736570389843,"35"
10.477868051756712,"35"
11.391030293774179,"35"
8.498065512694907,"35"
10.939350465957997,"35"
9.761608864004826,"35"
11.145658069543423,"35"
8.914874506176243,"35"
10.350881253849836,"35"
11.405507446801584,"35"
10.646734060339513,"35"
10.653508291080357,"35"
9.610460447719715,"35"
8.572395338630498,"35"
10.543366584592913,"35"
10.852052162981693,"35"
11.291601365278066,"35"
9.062860464093522,"35"
10.31384517059104,"35"
9.49197954087362,"35"
9.806599270786336,"35"
10.731597147649348,"35"
9.624295842628648,"35"
10.063075122688238,"35"
10.51037183579564,"35"
9.185822318531685,"35"
10.073088877855724,"35"
11.690246995749245,"35"
9.951287154721362,"35"
9.420247849212341,"35"
10.842791415834144,"35"
10.006275420882648,"35"
11.561340640048883,"35"
10.537092744753538,"35"
7.8600973357410675,"35"
8.830557923773188,"35"
10.126178489610501,"35"
10.393700353180884,"35"
9.567723003904247,"35"
10.52704047585721,"35"
8.64153471414875,"35"
10.41532967775356,"35"
10.381863546891525,"35"
10.174660103942562,"35"
9.826608875100181,"35"
10.118992496386515,"35"
8.692071729252817,"35"
10.008838645859166,"35"
9.369647342465912,"35"
9.739314035655983,"35"
11.67356140573807,"35"
10.515082037631638,"35"
9.868313115256122,"35"
10.50848116758278,"35"
11.055192845934316,"35"
11.76127832692753,"35"
10.044346088217763,"35"
9.255371362787182,"36"
9.663294262973809,"36"
8.696641600220332,"36"
8.836779060044075,"36"
9.834668566313693,"36"
8.605319012970277,"36"
9.312626546795073,"36"
9.295342448381813,"36"
8.609439038815152,"36"
10.608884319245453,"36"
11.215021312241284,"36"
9.430637552979979,"36"
11.091954169756457,"36"
11.120274713341464,"36"
11.39759163260017,"36"
10.185945025832934,"36"
9.864268988981728,"36"
10.369443397959976,"36"
10.226509253208995,"36"
9.503559220773829,"36"
10.782504329669093,"36"
11.267989015094056,"36"
11.344781974484778,"36"
11.27213519972644,"36"
8.774018426181177,"36"
10.431654612437304,"36"
10.350880919855578,"36"
9.872592003479134,"36"
10.899052884863545,"36"
10.303081392498866,"36"
8.84281572561402,"36"
11.74037449745067,"36"
9.285415194690957,"36"
11.95199687353972,"36"
9.300518602125381,"36"
9.949513112383885,"36"
9.178313935498048,"36"
10.004384523503639,"36"
9.839582381255266,"36"
9.517744042749777,"36"
10.1034500469172,"36"
11.977665868692293,"36"
7.863422712363875,"36"
10.938650858851148,"36"
11.668387570213111,"36"
11.990549013534375,"36"
10.684143328045762,"36"
9.998821329207777,"36"
10.39596424968251,"36"
9.877168910740782,"36"
9.467576363690615,"36"
10.216082315049874,"36"
9.977006121838569,"36"
9.445350229050536,"36"
9.15142103706506,"36"
10.023886219999895,"36"
11.317136549016526,"36"
11.101593320057065,"36"
10.707251359663777,"36"
9.657636739809774,"36"
10.481015590530383,"36"
8.615291594206816,"36"
11.461707349417203,"36"
9.844950793894617,"36"
10.04586639711263,"36"
9.855800093424774,"36"
11.315104605620121,"36"
10.479081286621064,"36"
9.488170536128488,"36"
10.867150298807793,"36"
8.96339658244972,"36"
8.290033421180578,"36"
9.310584843477795,"36"
8.134985012026762,"36"
10.509061711990588,"36"
10.183767531185918,"36"
8.975245801688573,"36"
9.642293872482234,"36"
9.463941424649366,"36"
8.244541006842814,"36"
9.616684301093914,"36"
9.975664174346637,"36"
9.323018915269389,"36"
9.116673690178565,"36"
9.867726499978218,"36"
10.828540061192324,"36"
12.220029760949409,"36"
10.259485498768782,"36"
10.0654885956723,"36"
10.087402283834766,"36"
8.981302966484424,"36"
10.595719787697375,"36"
9.957933789923992,"36"
10.64278723884235,"36"
10.964541573193625,"36"
8.748610466248104,"36"
8.737383529382816,"36"
9.706527601457163,"36"
11.638547059776325,"36"
12.011821895860141,"36"
8.892788746153247,"37"
10.685589236208132,"37"
11.38198629272001,"37"
10.330543982535348,"37"
8.132676716578365,"37"
12.429586976692892,"37"
11.034314297701842,"37"
8.23608270082691,"37"
10.547241418944497,"37"
10.54596274307219,"37"
10.958763340450233,"37"
12.225939485965538,"37"
9.930166113902313,"37"
9.99731783753218,"37"
7.79899847309829,"37"
10.934156998991835,"37"
10.70075071928413,"37"
9.40134126026808,"37"
9.86582791472829,"37"
9.888354582353745,"37"
10.562763424623068,"37"
9.027737984771093,"37"
9.918546841263263,"37"
11.054652324139962,"37"
10.143869198030368,"37"
10.776350611363496,"37"
11.358416649757011,"37"
11.141680789294314,"37"
10.101803055783378,"37"
10.226607299398001,"37"
9.928624772414654,"37"
10.364354254863722,"37"
10.812059687308293,"37"
11.345493293793531,"37"
9.71422277705087,"37"
8.717284988779513,"37"
9.651488156442653,"37"
10.513280506061516,"37"
8.593105624660351,"37"
9.544007614866672,"37"
9.392525473216322,"37"
10.03695443439702,"37"
10.199656589615218,"37"
9.354999277366016,"37"
9.274014227067939,"37"
9.472303150575218,"37"
9.487757812927457,"37"
8.96602497121696,"37"
10.009049440718266,"37"
10.695882380866035,"37"
11.672539226807404,"37"
12.136985476236417,"37"
10.058321538114182,"37"
10.001756007412155,"37"
10.636643005221673,"37"
9.775959955425645,"37"
10.173129048745958,"37"
11.510800347073058,"37"
9.874178519925971,"37"
10.756702406678183,"37"
11.304268280664955,"37"
10.575787584303667,"37"
9.199159985892154,"37"
9.589287896341277,"37"
9.626502338941526,"37"
9.498348662105112,"37"
9.002533746885923,"37"
10.975851943461054,"37"
8.566335743865778,"37"
9.823893846073888,"37"
10.566020119470013,"37"
11.342721248877881,"37"
8.980565551951292,"37"
10.918533564920358,"37"
8.53751714066325,"37"
10.528900502863747,"37"
9.4356349700861,"37"
10.936650968315108,"37"
10.508569877421511,"37"
9.411410520916633,"37"
9.302784429233663,"37"
10.74032932997333,"37"
9.097755992308995,"37"
11.060018767434716,"37"
11.77325424153727,"37"
10.153620164276802,"37"
9.672508187625944,"37"
10.833171997486593,"37"
10.415121814535409,"37"
9.758244788023607,"37"
9.761090888980963,"37"
10.21349911843205,"37"
11.223106236476273,"37"
9.594739203098182,"37"
9.38533080551667,"37"
7.898825462213437,"37"
9.950242069909397,"37"
11.441300010089702,"37"
10.692963116473498,"37"
10.616087091548842,"37"
11.573008455424146,"38"
10.75254575011143,"38"
9.182674265508682,"38"
9.38089805727234,"38"
11.406155773805072,"38"
9.892607924327601,"38"
9.854624059680745,"38"
11.042515960157907,"38"
9.165438997247529,"38"
7.3612066920307395,"38"
10.310910389128388,"38"
11.116038546435712,"38"
9.375854416272492,"38"
10.606780971866778,"38"
10.76582812844377,"38"
9.317127753645677,"38"
8.957486662677377,"38"
8.65334472622229,"38"
9.70473774585054,"38"
8.796377578603895,"38"
8.87436149177034,"38"
9.647692686600864,"38"
9.938821613586319,"38"
9.476899292910959,"38"
10.885554703656501,"38"
11.71044125149566,"38"
10.930625165583733,"38"
8.707444859223749,"38"
11.240817315701063,"38"
10.711212466929846,"38"
9.88843515762423,"38"
8.929126229345966,"38"
9.387259788434722,"38"
11.034508033249272,"38"
10.044659109997214,"38"
9.138720435229253,"38"
8.02809915280893,"38"
9.547649360237214,"38"
9.586424776927483,"38"
9.715590280717429,"38"
9.510903128960258,"38"
9.849482440704127,"38"
11.837659276560236,"38"
10.887390539475767,"38"
7.972704258831213,"38"
10.108271668084415,"38"
11.021811368838723,"38"
10.46913709167505,"38"
10.306132448602023,"38"
7.2718889151993835,"38"
9.350261363710008,"38"
8.894136734992852,"38"
8.450390405327562,"38"
11.209871849376166,"38"
9.978326759481046,"38"
13.763265023625884,"38"
12.392389314718876,"38"
9.839290915218918,"38"
10.552743009470838,"38"
9.805786799928539,"38"
10.832558488223778,"38"
7.92139812151918,"38"
10.491861918179703,"38"
10.634708596646359,"38"
9.600526062919833,"38"
8.166997993896265,"38"
10.204661545421738,"38"
10.791161588304698,"38"
9.214976947857506,"38"
9.144398411903289,"38"
8.576707176273054,"38"
11.16622053770727,"38"
9.441524550078706,"38"
10.949522417531343,"38"
10.463888523950983,"38"
9.37893483571522,"38"
10.138460449873465,"38"
10.23430948998319,"38"
8.257590681411084,"38"
10.96413256467785,"38"
11.363753384014114,"38"
9.286214036955458,"38"
10.411348681572003,"38"
10.32313100006637,"38"
8.774473278216446,"38"
7.657737687598944,"38"
10.282697331026942,"38"
7.754013123913337,"38"
8.96684128180664,"38"
10.257887863182397,"38"
9.747302178667777,"38"
9.812960015904405,"38"
9.758078777452596,"38"
9.80925689638524,"38"
9.287415749601074,"38"
9.789493744915015,"38"
10.776358758222587,"38"
10.587222944391623,"38"
10.024176426601715,"38"
10.966887740851677,"38"
9.346497191307483,"39"
10.29237086795321,"39"
10.828887635985291,"39"
9.39462894067656,"39"
9.330010819957542,"39"
10.289269793915324,"39"
11.355825039289105,"39"
8.467090000244049,"39"
10.73072345260967,"39"
9.90822868110036,"39"
8.293742621173287,"39"
9.222717244499272,"39"
8.786582110894654,"39"
8.775819526903206,"39"
9.447886894939085,"39"
8.80912874741058,"39"
10.383445695704511,"39"
11.470873886553463,"39"
9.692295695382944,"39"
7.989837885689452,"39"
10.124429793644918,"39"
9.506126167396758,"39"
11.315475710616393,"39"
10.153568186211478,"39"
10.395264683995647,"39"
10.62947090908804,"39"
9.599610418803412,"39"
9.710432543364965,"39"
8.036857372104263,"39"
8.441130600383447,"39"
11.654235133984752,"39"
10.365367863280076,"39"
10.10124690117151,"39"
9.580334627932087,"39"
9.955785851874069,"39"
10.341126017394352,"39"
10.644726340002059,"39"
9.100620059682432,"39"
10.61094393756683,"39"
11.379518302008387,"39"
12.365602223889566,"39"
9.486759541105055,"39"
9.600926119198165,"39"
10.869732003284387,"39"
10.267284784979374,"39"
9.614727894212725,"39"
9.954071788148278,"39"
8.266375048735691,"39"
11.245202492810094,"39"
9.94982464256671,"39"
9.506315239825797,"39"
11.164664794470033,"39"
10.389395128036755,"39"
9.988345791747738,"39"
7.955344593229566,"39"
10.698817442115176,"39"
11.205253994031613,"39"
11.168583494942597,"39"
11.214164335344424,"39"
10.56179584542715,"39"
10.450378606845195,"39"
9.726380184547162,"39"
10.037108575441053,"39"
9.400204273015929,"39"
9.6297284060033,"39"
9.412853797698528,"39"
10.415436533293125,"39"
8.62183523591663,"39"
9.178098413487326,"39"
10.642261486148662,"39"
9.433813838170988,"39"
10.495917341264255,"39"
9.039767834252613,"39"
11.51498314152962,"39"
9.974048400669279,"39"
8.242965066628841,"39"
10.249177935826062,"39"
11.173685206168573,"39"
9.27416934246452,"39"
11.00432298100635,"39"
10.547503112845206,"39"
10.012413568287903,"39"
12.680621894028029,"39"
11.170050881604281,"39"
11.337166675768518,"39"
9.170285942820742,"39"
11.078351956610165,"39"
8.985418947704968,"39"
9.82008299665683,"39"
11.837159268912455,"39"
10.0601730201762,"39"
10.740912555367387,"39"
10.267088310845145,"39"
10.435311822195418,"39"
8.976632877501606,"39"
8.511318891715003,"39"
10.399107256540004,"39"
10.380099792088318,"39"
11.02591626029185,"39"
10.147789794183634,"39"
11.048734666054976,"40"
11.263610870509769,"40"
9.907636429466342,"40"
10.108555779153495,"40"
8.774819963162837,"40"
9.526939116346684,"40"
9.862569735627979,"40"
10.328538938920847,"40"
10.219622395221098,"40"
10.743566675762333,"40"
10.647456653366774,"40"
10.804031334541468,"40"
9.676528836937955,"40"
9.718668908140916,"40"
10.93780741475798,"40"
9.396414374367758,"40"
8.987856631012411,"40"
11.016363816846013,"40"
9.963327513630842,"40"
9.41207403217744,"40"
10.175643827434842,"40"
9.092040911412305,"40"
7.658066259366246,"40"
10.213225097266204,"40"
8.938070285135511,"40"
12.934265813766597,"40"
9.94784673295945,"40"
11.173947414276451,"40"
9.956332779207285,"40"
9.32808669332243,"40"
9.389820031822607,"40"
11.453681834939715,"40"
8.501176825741569,"40"
10.787273074199275,"40"
10.22502649080464,"40"
6.759234887168871,"40"
9.166153142851055,"40"
10.43930990952812,"40"
10.241741367578909,"40"
10.016305412270299,"40"
9.773773533554705,"40"
10.186260355636964,"40"
8.92777505838475,"40"
9.856312464919252,"40"
9.782881483699825,"40"
10.14371182121158,"40"
8.70206111785895,"40"
9.242644418412636,"40"
9.23613051876567,"40"
9.857947079628111,"40"
9.155194070806463,"40"
9.964274160379858,"40"
9.813623574165565,"40"
8.940115566060749,"40"
10.964899919637977,"40"
7.733910012906094,"40"
9.329273467957327,"40"
9.518784980196665,"40"
10.155885380087819,"40"
9.93754118536818,"40"
11.130820743751755,"40"
8.61818452200808,"40"
9.093675918319505,"40"
11.144200025689603,"40"
10.612223235949342,"40"
9.436549568844848,"40"
9.53903439011056,"40"
11.380448861211098,"40"
10.751991394347575,"40"
11.79452337492805,"40"
11.965150793227576,"40"
9.897618933642395,"40"
10.510640472916014,"40"
9.084359688801381,"40"
11.003412451542733,"40"
9.805029844978293,"40"
12.119890752592285,"40"
11.55235426931258,"40"
10.512523363485363,"40"
8.782656133463833,"40"
9.323240727762267,"40"
9.775066203551196,"40"
10.021850235534911,"40"
10.5674126327469,"40"
9.493716003113795,"40"
11.55285752824729,"40"
11.340404033550564,"40"
9.976427748754734,"40"
10.001128012047243,"40"
10.144061092282204,"40"
11.73910666281282,"40"
11.189008232373881,"40"
9.933206212791855,"40"
10.341460952859098,"40"
10.074575699863045,"40"
10.291886042879634,"40"
9.698816395015834,"40"
10.179049097375653,"40"
7.126559066834279,"40"
10.42726981257997,"40"
