year,mon,yrmn,tmax,tmin,tavg,emxt,emnt,htdd,cldd,prcp,emxp,dp01,dp05,dp10,snow,emsd,awnd,station,name,latitude,longitude,elev,date
1981,1,1981,8.2,1.1,4.7,12.8,-2.8,423.2,0,54.1,12.4,13,0,0,0,0,,USW00024221,"EUGENE MAHLON SWEET AIRPORT, OR US",44.1278,-123.2206,107.6,Jan-81
1981,2,1981.0833,10.8,1.9,6.3,18.9,-2.8,336.1,0,110.5,22.9,14,4,0,0,0,,USW00024221,"EUGENE MAHLON SWEET AIRPORT, OR US",44.1278,-123.2206,107.6,Feb-81
1981,3,1981.1667,13.4,2,7.7,18.3,-2.8,328.9,0,105.6,20.3,16,2,0,0,0,,USW00024221,"EUGENE MAHLON SWEET AIRPORT, OR US",44.1278,-123.2206,107.6,Mar-81
1981,4,1981.25,16,3.8,9.9,26.1,-1.7,252.2,0.3,68.3,36.3,14,1,1,0,0,,USW00024221,"EUGENE MAHLON SWEET AIRPORT, OR US",44.1278,-123.2206,107.6,Apr-81
1981,5,1981.3333,18.6,6.2,12.4,26.7,1.7,183.7,0,83.1,17.3,13,2,0,0,0,,USW00024221,"EUGENE MAHLON SWEET AIRPORT, OR US",44.1278,-123.2206,107.6,May-81
1981,6,1981.4167,21.9,8.5,15.2,30,3.3,94.4,1.6,89.2,34,11,3,1,0,0,,USW00024221,"EUGENE MAHLON SWEET AIRPORT, OR US",44.1278,-123.2206,107.6,Jun-81
1981,7,1981.5,26.8,9.6,18.2,36.7,4.4,37.2,33.7,2,1,2,0,0,0,0,,USW00024221,"EUGENE MAHLON SWEET AIRPORT, OR US",44.1278,-123.2206,107.6,Jul-81
1981,8,1981.5833,29.4,10.9,20.1,42.2,5,19.2,74.5,0,0,0,0,0,0,0,,USW00024221,"EUGENE MAHLON SWEET AIRPORT, OR US",44.1278,-123.2206,107.6,Aug-81
1981,9,1981.6667,25.2,8.1,16.6,35.6,3.3,70.1,19.5,80,34,8,2,1,0,0,,USW00024221,"EUGENE MAHLON SWEET AIRPORT, OR US",44.1278,-123.2206,107.6,Sep-81
1981,10,1981.75,16.5,3.7,10.1,23.9,-1.7,255.2,0,137.7,25.9,15,5,1,0,0,,USW00024221,"EUGENE MAHLON SWEET AIRPORT, OR US",44.1278,-123.2206,107.6,Oct-81
1981,11,1981.8333,11.8,3.1,7.4,19.4,-5.6,327.4,0,241.4,43.2,19,8,3,0,0,,USW00024221,"EUGENE MAHLON SWEET AIRPORT, OR US",44.1278,-123.2206,107.6,Nov-81
1981,12,1981.9167,8.7,2.1,5.4,14.4,-4.4,400.2,0,447.8,124.2,22,13,3,0,0,,USW00024221,"EUGENE MAHLON SWEET AIRPORT, OR US",44.1278,-123.2206,107.6,Dec-81
1982,1,1982,5.5,-0.9,2.3,13.9,-11.1,496.4,0,236.5,56.6,15,6,3,127,76,,USW00024221,"EUGENE MAHLON SWEET AIRPORT, OR US",44.1278,-123.2206,107.6,Jan-82
1982,2,1982.0833,9.8,0.6,5.2,17.8,-8.3,368.9,0,206.7,52.8,13,6,3,53,0,,USW00024221,"EUGENE MAHLON SWEET AIRPORT, OR US",44.1278,-123.2206,107.6,Feb-82
1982,3,1982.1667,12.2,1.2,6.7,18.3,-3.3,360.6,0,124,31.2,18,2,1,0,0,,USW00024221,"EUGENE MAHLON SWEET AIRPORT, OR US",44.1278,-123.2206,107.6,Mar-82
1982,4,1982.25,14.6,1.4,8,27.2,-2.2,309.9,0,175,52.1,13,4,3,0,0,,USW00024221,"EUGENE MAHLON SWEET AIRPORT, OR US",44.1278,-123.2206,107.6,Apr-82
1982,5,1982.3333,20,4.3,12.2,28.3,0,191.1,0,6.6,2.5,4,0,0,0,0,,USW00024221,"EUGENE MAHLON SWEET AIRPORT, OR US",44.1278,-123.2206,107.6,May-82
1982,6,1982.4167,23.6,10,16.8,36.1,4.4,72.5,26.1,48.9,26.4,8,1,1,0,0,,USW00024221,"EUGENE MAHLON SWEET AIRPORT, OR US",44.1278,-123.2206,107.6,Jun-82
1982,7,1982.5,25.6,10.4,18,31.1,5.6,40.9,30.3,13.7,10.2,5,0,0,0,0,,USW00024221,"EUGENE MAHLON SWEET AIRPORT, OR US",44.1278,-123.2206,107.6,Jul-82
1982,8,1982.5833,27.5,10.9,19.2,35.6,6.7,13.9,39.8,18.4,10.4,6,0,0,0,0,,USW00024221,"EUGENE MAHLON SWEET AIRPORT, OR US",44.1278,-123.2206,107.6,Aug-82
1982,9,1982.6667,23.5,8.5,16,32.8,3.3,78.5,9.4,71.3,27.4,8,2,1,0,0,,USW00024221,"EUGENE MAHLON SWEET AIRPORT, OR US",44.1278,-123.2206,107.6,Sep-82
1982,10,1982.75,17.5,4.9,11.2,23.9,-3.3,221.8,0,100.4,19.1,16,1,0,0,0,,USW00024221,"EUGENE MAHLON SWEET AIRPORT, OR US",44.1278,-123.2206,107.6,Oct-82
1982,11,1982.8333,9.7,0.1,4.9,15.6,-5,402.6,0,179.6,42.4,14,5,3,0,0,,USW00024221,"EUGENE MAHLON SWEET AIRPORT, OR US",44.1278,-123.2206,107.6,Nov-82
1982,12,1982.9167,7.3,0.7,4,13.9,-8.3,443.3,0,343.8,76.7,20,9,6,0,0,,USW00024221,"EUGENE MAHLON SWEET AIRPORT, OR US",44.1278,-123.2206,107.6,Dec-82
1983,1,1983,9.3,1.4,5.4,16.1,-6.1,401.9,0,171.7,31.8,21,6,1,0,0,,USW00024221,"EUGENE MAHLON SWEET AIRPORT, OR US",44.1278,-123.2206,107.6,Jan-83
1983,2,1983.0833,11.1,3.4,7.3,17.2,-5,310.2,0,311.9,58.4,21,9,4,0,0,,USW00024221,"EUGENE MAHLON SWEET AIRPORT, OR US",44.1278,-123.2206,107.6,Feb-83
1983,3,1983.1667,13.2,4.9,9.1,17.8,0,287.9,0,268.8,44.2,23,7,3,0,0,,USW00024221,"EUGENE MAHLON SWEET AIRPORT, OR US",44.1278,-123.2206,107.6,Mar-83
1983,4,1983.25,16.4,2.6,9.5,23.3,-2.8,265.1,0,85,21.8,11,1,0,0,0,,USW00024221,"EUGENE MAHLON SWEET AIRPORT, OR US",44.1278,-123.2206,107.6,Apr-83
1983,5,1983.3333,20.2,6.6,13.4,33.3,2.2,161.8,8.9,45.9,11.9,8,0,0,0,0,,USW00024221,"EUGENE MAHLON SWEET AIRPORT, OR US",44.1278,-123.2206,107.6,May-83
1983,6,1983.4167,21.3,8.2,14.8,28.9,3.3,109,1.7,45.2,12.7,11,1,0,0,0,,USW00024221,"EUGENE MAHLON SWEET AIRPORT, OR US",44.1278,-123.2206,107.6,Jun-83
1983,7,1983.5,23.7,10.6,17.2,33.3,5,46.5,10.9,45,24.4,8,1,0,0,0,,USW00024221,"EUGENE MAHLON SWEET AIRPORT, OR US",44.1278,-123.2206,107.6,Jul-83
1983,8,1983.5833,26.6,11.3,18.9,32.8,5.6,10.1,29,80.9,30.7,4,2,2,0,0,,USW00024221,"EUGENE MAHLON SWEET AIRPORT, OR US",44.1278,-123.2206,107.6,Aug-83
1983,9,1983.6667,22.8,7.3,15,27.8,0,99.1,0,13.7,7.9,4,0,0,0,0,,USW00024221,"EUGENE MAHLON SWEET AIRPORT, OR US",44.1278,-123.2206,107.6,Sep-83
1983,10,1983.75,17.1,5.2,11.2,23.3,-0.6,222.3,0,34.7,17.8,8,1,0,0,0,,USW00024221,"EUGENE MAHLON SWEET AIRPORT, OR US",44.1278,-123.2206,107.6,Oct-83
1983,11,1983.8333,11.4,4.7,8.1,17.2,-1.7,307.7,0,333.6,41.9,26,12,5,0,0,,USW00024221,"EUGENE MAHLON SWEET AIRPORT, OR US",44.1278,-123.2206,107.6,Nov-83
1983,12,1983.9167,5.2,-0.4,2.4,13.3,-12.2,494.4,0,189.9,49.8,21,5,1,94,76,,USW00024221,"EUGENE MAHLON SWEET AIRPORT, OR US",44.1278,-123.2206,107.6,Dec-83
1984,1,1984,9,0.4,4.7,16.7,-8.9,422.2,0,53.6,21.8,10,1,0,0,0,3,USW00024221,"EUGENE MAHLON SWEET AIRPORT, OR US",44.1278,-123.2206,107.6,Jan-84
1984,2,1984.0833,11.3,2.3,6.8,18.3,-3.3,335.1,0,243.3,87.1,17,5,3,0,0,3.9,USW00024221,"EUGENE MAHLON SWEET AIRPORT, OR US",44.1278,-123.2206,107.6,Feb-84
1984,3,1984.1667,14.3,4,9.2,21.1,-1.7,284.4,0,161.4,20.6,19,5,0,0,0,3.7,USW00024221,"EUGENE MAHLON SWEET AIRPORT, OR US",44.1278,-123.2206,107.6,Mar-84
1984,4,1984.25,13.9,3.7,8.8,23.3,0.6,285.2,0,137.6,25.9,17,4,1,0,0,3.5,USW00024221,"EUGENE MAHLON SWEET AIRPORT, OR US",44.1278,-123.2206,107.6,Apr-84
1984,5,1984.3333,18,5.5,11.8,28.9,-0.6,204.7,1.1,99.3,19.6,16,2,0,0,0,3.4,USW00024221,"EUGENE MAHLON SWEET AIRPORT, OR US",44.1278,-123.2206,107.6,May-84
1984,6,1984.4167,21.3,8,14.6,30.6,3.3,118.1,7,98.5,32.5,11,1,1,0,0,3.3,USW00024221,"EUGENE MAHLON SWEET AIRPORT, OR US",44.1278,-123.2206,107.6,Jun-84
1984,7,1984.5,27.9,9.7,18.8,34.4,6.1,21.8,36.6,6.9,6.9,1,0,0,0,0,3.7,USW00024221,"EUGENE MAHLON SWEET AIRPORT, OR US",44.1278,-123.2206,107.6,Jul-84
1984,8,1984.5833,27.3,10.4,18.9,34.4,6.7,12.3,29.1,0.8,0.8,1,0,0,0,0,3.2,USW00024221,"EUGENE MAHLON SWEET AIRPORT, OR US",44.1278,-123.2206,107.6,Aug-84
1984,9,1984.6667,24.2,7.7,16,31.1,1.1,82.8,11.7,23.8,15.7,6,1,0,0,0,3,USW00024221,"EUGENE MAHLON SWEET AIRPORT, OR US",44.1278,-123.2206,107.6,Sep-84
1984,10,1984.75,15.2,5.6,10.4,28.9,0,248.3,2.3,153.6,18.3,16,4,0,0,0,3.1,USW00024221,"EUGENE MAHLON SWEET AIRPORT, OR US",44.1278,-123.2206,107.6,Oct-84
1984,11,1984.8333,10.2,2.9,6.6,15.6,-2.2,353.4,0,474.2,81.3,23,14,5,0,0,3.8,USW00024221,"EUGENE MAHLON SWEET AIRPORT, OR US",44.1278,-123.2206,107.6,Nov-84
1984,12,1984.9167,6.3,-0.4,2.9,11.1,-7.8,476.9,0,115.9,22.6,16,3,0,0,0,3.5,USW00024221,"EUGENE MAHLON SWEET AIRPORT, OR US",44.1278,-123.2206,107.6,Dec-84
1985,1,1985,5.1,-2.8,1.2,10,-6.7,531.8,0,7.9,2.5,6,0,0,0,0,2.1,USW00024221,"EUGENE MAHLON SWEET AIRPORT, OR US",44.1278,-123.2206,107.6,Jan-85
1985,2,1985.0833,10,-0.5,4.8,17.8,-8.3,379.3,0,130.9,56.1,11,4,1,5,0,3.7,USW00024221,"EUGENE MAHLON SWEET AIRPORT, OR US",44.1278,-123.2206,107.6,Feb-85
1985,3,1985.1667,12,0,6,16.7,-4.4,382.2,0,143.6,35.3,17,5,1,0,0,4,USW00024221,"EUGENE MAHLON SWEET AIRPORT, OR US",44.1278,-123.2206,107.6,Mar-85
1985,4,1985.25,17.3,4.9,11.1,25,-0.6,217.3,0,12.5,4.1,6,0,0,0,0,3.4,USW00024221,"EUGENE MAHLON SWEET AIRPORT, OR US",44.1278,-123.2206,107.6,Apr-85
1985,5,1985.3333,20,5.4,12.7,29.4,-1.7,176.3,1.9,38.8,12.4,6,0,0,0,0,3.6,USW00024221,"EUGENE MAHLON SWEET AIRPORT, OR US",44.1278,-123.2206,107.6,May-85
1985,6,1985.4167,24.7,8,16.3,34.4,2.8,73.6,13.9,63.7,25.9,5,2,1,0,0,3.9,USW00024221,"EUGENE MAHLON SWEET AIRPORT, OR US",44.1278,-123.2206,107.6,Jun-85
1985,7,1985.5,30.7,11.4,21.1,37.2,7.2,3.6,88.2,34.8,20.1,2,2,0,0,0,4,USW00024221,"EUGENE MAHLON SWEET AIRPORT, OR US",44.1278,-123.2206,107.6,Jul-85
1985,8,1985.5833,27.2,10.3,18.7,34.4,3.9,26.2,38.3,1,0.5,2,0,0,0,0,3.6,USW00024221,"EUGENE MAHLON SWEET AIRPORT, OR US",44.1278,-123.2206,107.6,Aug-85
1985,9,1985.6667,21.6,7.6,14.6,31.1,1.7,113.2,1.1,54,29.7,9,1,1,0,0,3.4,USW00024221,"EUGENE MAHLON SWEET AIRPORT, OR US",44.1278,-123.2206,107.6,Sep-85
1985,10,1985.75,17.2,4.7,11,26.1,-3.3,228.4,0,122.6,29.5,14,4,2,0,0,3.5,USW00024221,"EUGENE MAHLON SWEET AIRPORT, OR US",44.1278,-123.2206,107.6,Oct-85
1985,11,1985.8333,6.9,-0.8,3.1,18.3,-8.9,458.2,0,160.4,32.3,15,5,1,58,0,4.1,USW00024221,"EUGENE MAHLON SWEET AIRPORT, OR US",44.1278,-123.2206,107.6,Nov-85
1985,12,1985.9167,4.3,-3.1,0.6,12.8,-7.8,550.5,0,89.2,20.1,8,4,0,119,152,2.9,USW00024221,"EUGENE MAHLON SWEET AIRPORT, OR US",44.1278,-123.2206,107.6,Dec-85
1986,1,1986,10,2.7,6.3,18.9,-2.8,371.7,0,177.3,23.6,21,6,0,0,0,3.4,USW00024221,"EUGENE MAHLON SWEET AIRPORT, OR US",44.1278,-123.2206,107.6,Jan-86
1986,2,1986.0833,10.3,3.8,7.1,19.4,-3.9,315.9,0,361.1,55.4,18,10,7,71,51,4.2,USW00024221,"EUGENE MAHLON SWEET AIRPORT, OR US",44.1278,-123.2206,107.6,Feb-86
1986,3,1986.1667,15.5,5,10.3,21.1,1.1,250.4,0,112,30.2,13,3,1,0,0,3.7,USW00024221,"EUGENE MAHLON SWEET AIRPORT, OR US",44.1278,-123.2206,107.6,Mar-86
1986,4,1986.25,14.8,3.6,9.2,25,-0.6,274.3,0,47,7.1,14,0,0,0,0,4,USW00024221,"EUGENE MAHLON SWEET AIRPORT, OR US",44.1278,-123.2206,107.6,Apr-86
1986,5,1986.3333,19,6.8,12.9,32.2,1.7,182.6,14.2,81.5,33,9,3,1,0,0,3.6,USW00024221,"EUGENE MAHLON SWEET AIRPORT, OR US",44.1278,-123.2206,107.6,May-86
1986,6,1986.4167,24.5,10.5,17.5,32.8,5,53.9,29.3,8.4,4.6,4,0,0,0,0,3.5,USW00024221,"EUGENE MAHLON SWEET AIRPORT, OR US",44.1278,-123.2206,107.6,Jun-86
1986,7,1986.5,24.7,9.8,17.3,31.7,3.9,43.9,10.3,10.7,7.4,4,0,0,0,0,3.4,USW00024221,"EUGENE MAHLON SWEET AIRPORT, OR US",44.1278,-123.2206,107.6,Jul-86
1986,8,1986.5833,30.1,12,21,36.1,8.3,2.5,86.5,1,1,1,0,0,0,0,3.5,USW00024221,"EUGENE MAHLON SWEET AIRPORT, OR US",44.1278,-123.2206,107.6,Aug-86
1986,9,1986.6667,21.2,8.6,14.9,33.3,4.4,120.8,17.8,118.2,22.1,13,5,0,0,0,3.5,USW00024221,"EUGENE MAHLON SWEET AIRPORT, OR US",44.1278,-123.2206,107.6,Sep-86
1986,10,1986.75,18.5,6.4,12.4,25,1.7,182.3,0,62.6,27.4,8,2,1,0,0,2.5,USW00024221,"EUGENE MAHLON SWEET AIRPORT, OR US",44.1278,-123.2206,107.6,Oct-86
1986,11,1986.8333,11.8,4.3,8,16.1,-1.7,308.9,0,280.6,61.5,16,7,3,0,0,3.4,USW00024221,"EUGENE MAHLON SWEET AIRPORT, OR US",44.1278,-123.2206,107.6,Nov-86
1986,12,1986.9167,7.9,0.8,4.4,15,-5.6,433.4,0,83.9,26.2,12,3,1,0,0,2.9,USW00024221,"EUGENE MAHLON SWEET AIRPORT, OR US",44.1278,-123.2206,107.6,Dec-86
1987,1,1987,7.9,0.4,4.2,13.9,-6.1,438.6,0,245.3,41.1,17,7,3,0,0,3.5,USW00024221,"EUGENE MAHLON SWEET AIRPORT, OR US",44.1278,-123.2206,107.6,Jan-87
1987,2,1987.0833,11.1,1.9,6.5,16.1,-3.3,331.2,0,113.6,42.2,15,2,1,0,0,3.2,USW00024221,"EUGENE MAHLON SWEET AIRPORT, OR US",44.1278,-123.2206,107.6,Feb-87
1987,3,1987.1667,13.8,3.2,8.5,21.1,-1.7,305.2,0,71.3,20.3,17,1,0,0,0,3.4,USW00024221,"EUGENE MAHLON SWEET AIRPORT, OR US",44.1278,-123.2206,107.6,Mar-87
1987,4,1987.25,18.2,4.4,11.3,27.2,0,210.4,0,51.8,13.7,10,1,0,0,0,3.4,USW00024221,"EUGENE MAHLON SWEET AIRPORT, OR US",44.1278,-123.2206,107.6,Apr-87
1987,5,1987.3333,21,7.8,14.4,33.9,1.7,139.1,17,50.9,17.8,7,1,0,0,0,3.4,USW00024221,"EUGENE MAHLON SWEET AIRPORT, OR US",44.1278,-123.2206,107.6,May-87
1987,6,1987.4167,25.8,8.9,17.4,35.6,2.8,59.9,30.9,1.8,1.5,2,0,0,0,0,3.7,USW00024221,"EUGENE MAHLON SWEET AIRPORT, OR US",44.1278,-123.2206,107.6,Jun-87
1987,7,1987.5,24.5,11.4,18,35.6,7.2,36.8,25.8,76.2,61.2,7,1,1,0,0,3.5,USW00024221,"EUGENE MAHLON SWEET AIRPORT, OR US",44.1278,-123.2206,107.6,Jul-87
1987,8,1987.5833,29,10.6,19.8,38.9,7.8,11.8,56,6.6,3.3,3,0,0,0,0,3.6,USW00024221,"EUGENE MAHLON SWEET AIRPORT, OR US",44.1278,-123.2206,107.6,Aug-87
1987,9,1987.6667,25.2,8.9,17,35,2.8,54.8,15.9,5.1,2.8,3,0,0,0,0,2.8,USW00024221,"EUGENE MAHLON SWEET AIRPORT, OR US",44.1278,-123.2206,107.6,Sep-87
1987,10,1987.75,22.3,4.9,13.6,33.3,0,149.2,2.2,6.1,4.8,2,0,0,0,0,2.5,USW00024221,"EUGENE MAHLON SWEET AIRPORT, OR US",44.1278,-123.2206,107.6,Oct-87
1987,11,1987.8333,12.1,4.4,8.2,18.9,0,302.7,0,118.3,22.4,11,5,0,0,0,3,USW00024221,"EUGENE MAHLON SWEET AIRPORT, OR US",44.1278,-123.2206,107.6,Nov-87
1987,12,1987.9167,6.9,1.7,4.3,15.6,-3.9,435.1,0,391.1,79.8,21,7,5,153,127,4,USW00024221,"EUGENE MAHLON SWEET AIRPORT, OR US",44.1278,-123.2206,107.6,Dec-87
1988,1,1988,6.9,1.1,4,15.6,-4.4,443.3,0,221.5,52.1,20,5,3,18,0,3.7,USW00024221,"EUGENE MAHLON SWEET AIRPORT, OR US",44.1278,-123.2206,107.6,Jan-88
1988,2,1988.0833,11.5,1.9,6.7,17.2,-5.6,337.5,0,40.4,11.7,9,0,0,25,0,2.8,USW00024221,"EUGENE MAHLON SWEET AIRPORT, OR US",44.1278,-123.2206,107.6,Feb-88
1988,3,1988.1667,14.1,2.3,8.2,21.1,-2.2,314.6,0,121.4,30,16,3,1,0,0,3.6,USW00024221,"EUGENE MAHLON SWEET AIRPORT, OR US",44.1278,-123.2206,107.6,Mar-88
1988,4,1988.25,16.1,5.7,10.9,25,-0.6,222.8,0,143.4,24.6,14,4,0,0,0,3.3,USW00024221,"EUGENE MAHLON SWEET AIRPORT, OR US",44.1278,-123.2206,107.6,Apr-88
1988,5,1988.3333,18.3,6.4,12.3,30.6,2.2,186.5,0.9,94.4,21.6,14,2,0,0,0,3.7,USW00024221,"EUGENE MAHLON SWEET AIRPORT, OR US",44.1278,-123.2206,107.6,May-88
1988,6,1988.4167,22.6,9.4,16,31.7,3.3,78.6,7.5,60.1,17,8,2,0,0,0,3,USW00024221,"EUGENE MAHLON SWEET AIRPORT, OR US",44.1278,-123.2206,107.6,Jun-88
1988,7,1988.5,28.4,11.4,19.9,38.9,5.6,17.4,66.8,2.8,1,4,0,0,0,0,3.9,USW00024221,"EUGENE MAHLON SWEET AIRPORT, OR US",44.1278,-123.2206,107.6,Jul-88
1988,8,1988.5833,28.4,10,19.2,35.6,5.6,18.9,44.8,1,1,1,0,0,0,0,3.8,USW00024221,"EUGENE MAHLON SWEET AIRPORT, OR US",44.1278,-123.2206,107.6,Aug-88
1988,9,1988.6667,26.2,8.2,17.2,39.4,1.1,61.9,28.3,31.1,18.3,5,1,0,0,0,3.3,USW00024221,"EUGENE MAHLON SWEET AIRPORT, OR US",44.1278,-123.2206,107.6,Sep-88
1988,10,1988.75,20,8,14,32.2,1.1,138.7,4.4,2.8,1,3,0,0,0,0,2.9,USW00024221,"EUGENE MAHLON SWEET AIRPORT, OR US",44.1278,-123.2206,107.6,Oct-88
1988,11,1988.8333,11.5,5.1,8.3,18.9,-0.6,300,0,362.5,40.4,25,11,6,0,0,4.5,USW00024221,"EUGENE MAHLON SWEET AIRPORT, OR US",44.1278,-123.2206,107.6,Nov-88
1988,12,1988.9167,8.2,1.3,4.7,15,-5.6,421.4,0,131.5,27.9,11,4,3,8,0,3.8,USW00024221,"EUGENE MAHLON SWEET AIRPORT, OR US",44.1278,-123.2206,107.6,Dec-88
1989,1,1989,9.3,1.9,5.6,16.7,-2.8,395,0,169.6,47.2,16,5,3,0,0,4,USW00024221,"EUGENE MAHLON SWEET AIRPORT, OR US",44.1278,-123.2206,107.6,Jan-89
1989,2,1989.0833,6.8,-2.6,2.1,15.6,-15.6,454.2,0,87.6,27.4,14,3,1,143,102,3.1,USW00024221,"EUGENE MAHLON SWEET AIRPORT, OR US",44.1278,-123.2206,107.6,Feb-89
1989,3,1989.1667,12.6,4.3,8.4,18.3,0,306.5,0,277.8,46,26,9,2,0,0,4,USW00024221,"EUGENE MAHLON SWEET AIRPORT, OR US",44.1278,-123.2206,107.6,Mar-89
1989,4,1989.25,19.2,6.9,13.1,26.1,0.6,158.1,0.5,44,11.4,12,0,0,0,0,3.6,USW00024221,"EUGENE MAHLON SWEET AIRPORT, OR US",44.1278,-123.2206,107.6,Apr-89
1989,5,1989.3333,19.7,7.5,13.6,27.8,2.8,154.1,7.2,97.7,29.7,9,1,1,0,0,3.1,USW00024221,"EUGENE MAHLON SWEET AIRPORT, OR US",44.1278,-123.2206,107.6,May-89
1989,6,1989.4167,24.1,10.5,17.3,35,6.1,51.4,20.2,26.2,10.2,7,0,0,0,0,3.9,USW00024221,"EUGENE MAHLON SWEET AIRPORT, OR US",44.1278,-123.2206,107.6,Jun-89
1989,7,1989.5,25.4,11.6,18.5,31.1,7.8,18.7,24.1,12.4,9.9,2,0,0,0,0,3.4,USW00024221,"EUGENE MAHLON SWEET AIRPORT, OR US",44.1278,-123.2206,107.6,Jul-89
1989,8,1989.5833,26.7,11.8,19.3,33.3,7.2,12.5,41,30.8,9.4,8,0,0,0,0,3.3,USW00024221,"EUGENE MAHLON SWEET AIRPORT, OR US",44.1278,-123.2206,107.6,Aug-89
1989,9,1989.6667,27.3,8.9,18.1,35.6,3.3,38.4,31.4,16.3,10.7,2,0,0,0,0,3.3,USW00024221,"EUGENE MAHLON SWEET AIRPORT, OR US",44.1278,-123.2206,107.6,Sep-89
1989,10,1989.75,18.5,5.8,12.2,26.1,-1.1,191.5,0,75,30,8,2,1,0,0,3,USW00024221,"EUGENE MAHLON SWEET AIRPORT, OR US",44.1278,-123.2206,107.6,Oct-89
1989,11,1989.8333,12.9,4.1,8.5,18.9,-2.2,294,0,127,33.3,12,3,2,0,0,3.3,USW00024221,"EUGENE MAHLON SWEET AIRPORT, OR US",44.1278,-123.2206,107.6,Nov-89
1989,12,1989.9167,8,2,5,18.9,-2.2,412.5,0,68.5,25.1,10,3,0,0,0,2.7,USW00024221,"EUGENE MAHLON SWEET AIRPORT, OR US",44.1278,-123.2206,107.6,Dec-89
1990,1,1990,9.2,3,6.1,17.2,-2.2,378.4,0,383.3,59.4,24,11,4,0,0,4.5,USW00024221,"EUGENE MAHLON SWEET AIRPORT, OR US",44.1278,-123.2206,107.6,Jan-90
1990,2,1990.0833,9.4,1.1,5.2,18.9,-6.7,366.7,0,160.6,29.5,16,6,1,223,51,4.4,USW00024221,"EUGENE MAHLON SWEET AIRPORT, OR US",44.1278,-123.2206,107.6,Feb-90
1990,3,1990.1667,14.8,3.8,9.3,20.6,-2.2,280.1,0,86.9,14.7,14,3,0,0,0,3.4,USW00024221,"EUGENE MAHLON SWEET AIRPORT, OR US",44.1278,-123.2206,107.6,Mar-90
1990,4,1990.25,18.2,5.6,11.9,25,0.6,193.2,0,62.1,29.2,11,2,1,0,0,3.2,USW00024221,"EUGENE MAHLON SWEET AIRPORT, OR US",44.1278,-123.2206,107.6,Apr-90
1990,5,1990.3333,18.8,7,12.9,28.3,0.6,169.1,0,75.9,18.3,12,1,0,0,0,3.4,USW00024221,"EUGENE MAHLON SWEET AIRPORT, OR US",44.1278,-123.2206,107.6,May-90
1990,6,1990.4167,22.6,10.9,16.7,35,7.8,62.1,13.3,51.1,20.3,8,2,0,0,0,3.7,USW00024221,"EUGENE MAHLON SWEET AIRPORT, OR US",44.1278,-123.2206,107.6,Jun-90
1990,7,1990.5,30,12.6,21.3,37.2,5.6,9.7,101.5,22.3,16,3,1,0,0,0,3.7,USW00024221,"EUGENE MAHLON SWEET AIRPORT, OR US",44.1278,-123.2206,107.6,Jul-90
1990,8,1990.5833,28.2,13.5,20.9,37.8,7.8,5.8,84,60.5,27.2,5,2,1,0,0,3.6,USW00024221,"EUGENE MAHLON SWEET AIRPORT, OR US",44.1278,-123.2206,107.6,Aug-90
1990,9,1990.6667,25.8,10.7,18.2,33.3,5.6,24,20.9,7.1,7.1,1,0,0,0,0,3.1,USW00024221,"EUGENE MAHLON SWEET AIRPORT, OR US",44.1278,-123.2206,107.6,Sep-90
1990,10,1990.75,17,5.4,11.2,23.9,-1.1,222.2,0,192.8,69.9,16,3,2,0,0,3.2,USW00024221,"EUGENE MAHLON SWEET AIRPORT, OR US",44.1278,-123.2206,107.6,Oct-90
1990,11,1990.8333,12.4,4.1,8.3,19.4,-0.6,301.6,0,192.7,42.4,15,6,3,0,0,3.7,USW00024221,"EUGENE MAHLON SWEET AIRPORT, OR US",44.1278,-123.2206,107.6,Nov-90
1990,12,1990.9167,5,-2.7,1.2,13.9,-15.6,532.4,0,113.7,38.1,14,3,1,91,51,3.3,USW00024221,"EUGENE MAHLON SWEET AIRPORT, OR US",44.1278,-123.2206,107.6,Dec-90
1991,1,1991,8,-0.4,3.8,14.4,-5.6,449.6,0,94.6,34,11,2,1,0,0,2.3,USW00024221,"EUGENE MAHLON SWEET AIRPORT, OR US",44.1278,-123.2206,107.6,Jan-91
1991,2,1991.0833,13.7,4.8,9.3,19.4,-2.2,253.4,0,90.9,21.3,10,3,0,0,0,2.7,USW00024221,"EUGENE MAHLON SWEET AIRPORT, OR US",44.1278,-123.2206,107.6,Feb-91
1991,3,1991.1667,11.8,1.9,6.9,19.4,-0.6,355.2,0,248.5,54.1,19,8,3,0,0,3.1,USW00024221,"EUGENE MAHLON SWEET AIRPORT, OR US",44.1278,-123.2206,107.6,Mar-91
1991,4,1991.25,14.3,4.3,9.3,20,-0.6,270.9,0,132.6,28.4,17,5,1,0,0,3.2,USW00024221,"EUGENE MAHLON SWEET AIRPORT, OR US",44.1278,-123.2206,107.6,Apr-91
1991,5,1991.3333,16.3,6.6,11.5,22.2,3.3,212.1,0,153.2,32,13,4,3,0,0,3.1,USW00024221,"EUGENE MAHLON SWEET AIRPORT, OR US",44.1278,-123.2206,107.6,May-91
1991,6,1991.4167,20,8.4,14.2,28.3,1.7,126.1,1.1,25.2,11.7,8,0,0,0,0,3.2,USW00024221,"EUGENE MAHLON SWEET AIRPORT, OR US",44.1278,-123.2206,107.6,Jun-91
1991,7,1991.5,28.3,11.1,19.7,37.2,5.6,11.3,53.7,16.2,8.6,3,0,0,0,0,3.4,USW00024221,"EUGENE MAHLON SWEET AIRPORT, OR US",44.1278,-123.2206,107.6,Jul-91
1991,8,1991.5833,27.9,11.8,19.8,34.4,7.8,15.5,62.1,17.3,7.6,4,0,0,0,0,3.6,USW00024221,"EUGENE MAHLON SWEET AIRPORT, OR US",44.1278,-123.2206,107.6,Aug-91
1991,9,1991.6667,28,8.8,18.4,35,4.4,35.6,36.4,2.5,2.5,1,0,0,0,0,3.6,USW00024221,"EUGENE MAHLON SWEET AIRPORT, OR US",44.1278,-123.2206,107.6,Sep-91
1991,10,1991.75,20.1,4.6,12.4,31.1,-2.8,185.6,0.6,49.1,29,9,1,1,0,0,3.7,USW00024221,"EUGENE MAHLON SWEET AIRPORT, OR US",44.1278,-123.2206,107.6,Oct-91
1991,11,1991.8333,12.4,4.9,8.7,18.3,-2.2,289.8,0,266,41.7,20,9,2,0,0,3.7,USW00024221,"EUGENE MAHLON SWEET AIRPORT, OR US",44.1278,-123.2206,107.6,Nov-91
1991,12,1991.9167,7.9,2.4,5.1,13.9,-2.8,408.8,0,134.1,47.8,16,4,1,0,0,2.8,USW00024221,"EUGENE MAHLON SWEET AIRPORT, OR US",44.1278,-123.2206,107.6,Dec-91
1992,1,1992,10.5,2.9,6.7,17.8,-5,361.4,0,116,20.3,17,3,0,0,0,3.2,USW00024221,"EUGENE MAHLON SWEET AIRPORT, OR US",44.1278,-123.2206,107.6,Jan-92
1992,2,1992.0833,13.2,4,8.6,19.4,-2.8,281.7,0,130.6,45.2,13,4,1,0,0,3.1,USW00024221,"EUGENE MAHLON SWEET AIRPORT, OR US",44.1278,-123.2206,107.6,Feb-92
1992,3,1992.1667,16.6,3.7,10.2,20.6,0,253,0,53.3,19.1,9,1,0,0,0,2.2,USW00024221,"EUGENE MAHLON SWEET AIRPORT, OR US",44.1278,-123.2206,107.6,Mar-92
1992,4,1992.25,17.7,6.8,12.2,26.7,0,184.2,1.1,198.9,45.5,18,6,1,0,0,3.3,USW00024221,"EUGENE MAHLON SWEET AIRPORT, OR US",44.1278,-123.2206,107.6,Apr-92
1992,5,1992.3333,23.7,7.5,15.6,31.1,2.2,94.9,10.6,3.6,3.6,1,0,0,0,0,3.1,USW00024221,"EUGENE MAHLON SWEET AIRPORT, OR US",44.1278,-123.2206,107.6,May-92
1992,6,1992.4167,26,10.8,18.4,38.9,6.1,39.8,40.8,42.8,15.5,9,1,0,0,0,3.9,USW00024221,"EUGENE MAHLON SWEET AIRPORT, OR US",44.1278,-123.2206,107.6,Jun-92
1992,7,1992.5,28.2,12.1,20.2,37.2,8.9,5.2,62.2,33.6,23.4,3,1,0,0,0,3.8,USW00024221,"EUGENE MAHLON SWEET AIRPORT, OR US",44.1278,-123.2206,107.6,Jul-92
1992,8,1992.5833,29.8,11.2,20.5,40,6.7,8.3,75.5,2.6,1,4,0,0,0,0,3.7,USW00024221,"EUGENE MAHLON SWEET AIRPORT, OR US",44.1278,-123.2206,107.6,Aug-92
1992,9,1992.6667,24.8,9.5,17.2,30,3.9,52.6,17.4,25.1,15.7,3,1,0,0,0,3.8,USW00024221,"EUGENE MAHLON SWEET AIRPORT, OR US",44.1278,-123.2206,107.6,Sep-92
1992,10,1992.75,18.9,6.1,12.5,25.6,-1.1,181.7,0,116.9,32.8,11,4,2,0,0,3.5,USW00024221,"EUGENE MAHLON SWEET AIRPORT, OR US",44.1278,-123.2206,107.6,Oct-92
1992,11,1992.8333,11.2,4.2,7.7,18.3,-3.9,318.7,0,166,37.6,17,5,2,0,0,3.3,USW00024221,"EUGENE MAHLON SWEET AIRPORT, OR US",44.1278,-123.2206,107.6,Nov-92
1992,12,1992.9167,7.2,1.1,4.1,12.2,-6.7,439.6,0,319.8,50,23,8,4,84,25,4,USW00024221,"EUGENE MAHLON SWEET AIRPORT, OR US",44.1278,-123.2206,107.6,Dec-92
1993,1,1993,5.7,-2,1.8,17.8,-13.3,511.3,0,173.9,52.3,18,4,2,170,76,3.7,USW00024221,"EUGENE MAHLON SWEET AIRPORT, OR US",44.1278,-123.2206,107.6,Jan-93
1993,2,1993.0833,8.1,-0.8,3.6,15.6,-7.2,411.8,0,67,20.3,10,2,0,208,127,3.5,USW00024221,"EUGENE MAHLON SWEET AIRPORT, OR US",44.1278,-123.2206,107.6,Feb-93
1993,3,1993.1667,14.3,5.3,9.8,20,0.6,264.8,0,218.2,35.1,20,8,3,0,0,3.6,USW00024221,"EUGENE MAHLON SWEET AIRPORT, OR US",44.1278,-123.2206,107.6,Mar-93
1993,4,1993.25,15.1,6.2,10.7,21.1,1.7,230.1,0,199.4,24.1,25,5,0,0,0,4.3,USW00024221,"EUGENE MAHLON SWEET AIRPORT, OR US",44.1278,-123.2206,107.6,Apr-93
1993,5,1993.3333,20.9,8.6,14.8,27.2,4.4,110.7,0,175.7,21.8,17,7,0,0,0,3.4,USW00024221,"EUGENE MAHLON SWEET AIRPORT, OR US",44.1278,-123.2206,107.6,May-93
1993,6,1993.4167,22.1,9.5,15.8,30,5,82.1,6.4,94,29.7,11,2,1,0,0,3.6,USW00024221,"EUGENE MAHLON SWEET AIRPORT, OR US",44.1278,-123.2206,107.6,Jun-93
1993,7,1993.5,23.6,10.3,16.9,30.6,7.2,47.5,4.2,28.9,15.5,9,1,0,0,0,3.6,USW00024221,"EUGENE MAHLON SWEET AIRPORT, OR US",44.1278,-123.2206,107.6,Jul-93
1993,8,1993.5833,27,11.7,19.3,37.8,6.7,20.9,51.4,45.7,38.6,6,1,1,0,0,3.6,USW00024221,"EUGENE MAHLON SWEET AIRPORT, OR US",44.1278,-123.2206,107.6,Aug-93
1993,9,1993.6667,26.5,7.7,17.1,34.4,1.7,61.6,23.9,0,0,0,0,0,0,0,3.1,USW00024221,"EUGENE MAHLON SWEET AIRPORT, OR US",44.1278,-123.2206,107.6,Sep-93
1993,10,1993.75,20.4,6.3,13.4,30.6,1.1,156.2,2.2,36.9,15.7,8,1,0,0,0,2.7,USW00024221,"EUGENE MAHLON SWEET AIRPORT, OR US",44.1278,-123.2206,107.6,Oct-93
1993,11,1993.8333,8.7,-1.5,3.6,16.7,-9.4,441.9,0,50.2,14.7,9,1,0,0,0,2.7,USW00024221,"EUGENE MAHLON SWEET AIRPORT, OR US",44.1278,-123.2206,107.6,Nov-93
1993,12,1993.9167,6.9,1.1,4,17.8,-4.4,443.8,0,274.8,78,12,7,4,0,0,3,USW00024221,"EUGENE MAHLON SWEET AIRPORT, OR US",44.1278,-123.2206,107.6,Dec-93
1994,1,1994,9.6,1.9,5.7,15.6,-4.4,390.6,0,139.6,34,14,3,2,0,0,3.1,USW00024221,"EUGENE MAHLON SWEET AIRPORT, OR US",44.1278,-123.2206,107.6,Jan-94
1994,2,1994.0833,9.8,0.9,5.4,17.2,-6.7,363.1,0,141.8,26.9,16,5,1,0,0,3.5,USW00024221,"EUGENE MAHLON SWEET AIRPORT, OR US",44.1278,-123.2206,107.6,Feb-94
1994,3,1994.1667,15.2,2.6,8.9,22.2,-2.2,291.5,0,141.8,40.4,14,3,1,8,0,3,USW00024221,"EUGENE MAHLON SWEET AIRPORT, OR US",44.1278,-123.2206,107.6,Mar-94
1994,4,1994.25,17.4,5.9,11.7,22.8,1.1,200.2,0,51.2,10.4,11,0,0,0,0,3.4,USW00024221,"EUGENE MAHLON SWEET AIRPORT, OR US",44.1278,-123.2206,107.6,Apr-94
1994,5,1994.3333,20.9,8,14.5,27.8,2.2,119.6,0.3,40.2,15.7,10,1,0,0,0,3.6,USW00024221,"EUGENE MAHLON SWEET AIRPORT, OR US",44.1278,-123.2206,107.6,May-94
1994,6,1994.4167,23,9.2,16.1,30,3.9,72.5,5.6,29,10.7,8,0,0,0,0,3.7,USW00024221,"EUGENE MAHLON SWEET AIRPORT, OR US",44.1278,-123.2206,107.6,Jun-94
1994,7,1994.5,30.3,11.6,20.9,38.9,7.8,8.6,88.2,0.5,0.5,1,0,0,0,0,4.4,USW00024221,"EUGENE MAHLON SWEET AIRPORT, OR US",44.1278,-123.2206,107.6,Jul-94
1994,8,1994.5833,27.9,10.6,19.3,31.7,7.2,3.7,32.3,0,0,0,0,0,0,0,3.5,USW00024221,"EUGENE MAHLON SWEET AIRPORT, OR US",44.1278,-123.2206,107.6,Aug-94
1994,9,1994.6667,26.3,10,18.2,35,6.7,34.3,29.7,51.7,15.7,7,1,0,0,0,3.9,USW00024221,"EUGENE MAHLON SWEET AIRPORT, OR US",44.1278,-123.2206,107.6,Sep-94
1994,10,1994.75,18.5,5,11.7,25,0,204.8,0,190.2,94,10,2,2,0,0,3.8,USW00024221,"EUGENE MAHLON SWEET AIRPORT, OR US",44.1278,-123.2206,107.6,Oct-94
1994,11,1994.8333,10,2.1,6,15,-2.2,369.1,0,243.3,40.6,23,7,2,0,0,4.1,USW00024221,"EUGENE MAHLON SWEET AIRPORT, OR US",44.1278,-123.2206,107.6,Nov-94
1994,12,1994.9167,9.3,2.7,6,17.8,-3.9,383,0,155.3,26.7,19,4,1,0,0,4.2,USW00024221,"EUGENE MAHLON SWEET AIRPORT, OR US",44.1278,-123.2206,107.6,Dec-94
1995,1,1995,10.4,3.8,7.1,18.3,-3.3,349.8,0,390.3,105.4,22,11,4,0,0,3.9,USW00024221,"EUGENE MAHLON SWEET AIRPORT, OR US",44.1278,-123.2206,107.6,Jan-95
1995,2,1995.0833,13.4,4.1,8.8,22.2,-3.9,268.2,0,95,51.8,9,3,1,76,76,3.2,USW00024221,"EUGENE MAHLON SWEET AIRPORT, OR US",44.1278,-123.2206,107.6,Feb-95
1995,3,1995.1667,14.5,3.2,8.8,25,-3.3,294.5,0,163.1,29,19,5,1,0,0,3.7,USW00024221,"EUGENE MAHLON SWEET AIRPORT, OR US",44.1278,-123.2206,107.6,Mar-95
1995,4,1995.25,15.8,4.6,10.2,25,0,244.4,0,142.2,32.8,17,4,1,0,0,3.3,USW00024221,"EUGENE MAHLON SWEET AIRPORT, OR US",44.1278,-123.2206,107.6,Apr-95
1995,5,1995.3333,20.9,7.4,14.2,30,3.9,132.3,3.6,53.4,23.1,8,1,0,0,0,3.1,USW00024221,"EUGENE MAHLON SWEET AIRPORT, OR US",44.1278,-123.2206,107.6,May-95
1995,6,1995.4167,23,9.4,16.2,35,5,86.6,21.7,59.2,22.1,11,1,0,0,0,3.5,USW00024221,"EUGENE MAHLON SWEET AIRPORT, OR US",44.1278,-123.2206,107.6,Jun-95
1995,7,1995.5,28.1,12.8,20.5,37.2,7.8,6.7,72.5,28.7,15.5,4,1,0,0,0,3.5,USW00024221,"EUGENE MAHLON SWEET AIRPORT, OR US",44.1278,-123.2206,107.6,Jul-95
1995,8,1995.5833,27.1,10.1,18.6,33.3,5.6,23.3,31.9,24.9,17,5,1,0,0,0,3.5,USW00024221,"EUGENE MAHLON SWEET AIRPORT, OR US",44.1278,-123.2206,107.6,Aug-95
1995,9,1995.6667,25.4,10.9,18.1,34.4,7.2,30.3,24.5,28,6.4,8,0,0,0,0,3.3,USW00024221,"EUGENE MAHLON SWEET AIRPORT, OR US",44.1278,-123.2206,107.6,Sep-95
1995,10,1995.75,16.9,4.9,10.9,23.3,-5,231.5,0,99.3,39.1,12,2,1,0,0,2.8,USW00024221,"EUGENE MAHLON SWEET AIRPORT, OR US",44.1278,-123.2206,107.6,Oct-95
1995,11,1995.8333,13.8,6.4,10.1,20,-6.1,246.1,0,240.5,45.7,19,7,4,0,0,3.4,USW00024221,"EUGENE MAHLON SWEET AIRPORT, OR US",44.1278,-123.2206,107.6,Nov-95
1995,12,1995.9167,8.9,2.8,5.9,15,-5,387,0,341.3,52.3,21,9,6,0,0,3,USW00024221,"EUGENE MAHLON SWEET AIRPORT, OR US",44.1278,-123.2206,107.6,Dec-95
1996,1,1996,8.4,2.4,5.4,14.4,-6.7,399.7,0,374.5,47.8,22,15,5,0,0,4.1,USW00024221,"EUGENE MAHLON SWEET AIRPORT, OR US",44.1278,-123.2206,107.6,Jan-96
1996,2,1996.0833,10.2,1.5,5.9,18.9,-7.8,362.1,0,429,93.7,18,8,7,152,76,4,USW00024221,"EUGENE MAHLON SWEET AIRPORT, OR US",44.1278,-123.2206,107.6,Feb-96
1996,3,1996.1667,13.7,3.3,8.5,20,-2.8,304.7,0,62.4,15.5,15,1,0,,,2.9,USW00024221,"EUGENE MAHLON SWEET AIRPORT, OR US",44.1278,-123.2206,107.6,Mar-96
1996,4,1996.25,16.8,5.6,11.2,25,1.7,214.3,0,99.6,23.4,16,3,0,,,3.6,USW00024221,"EUGENE MAHLON SWEET AIRPORT, OR US",44.1278,-123.2206,107.6,Apr-96
1996,5,1996.3333,17.3,5.8,11.5,25.6,-0.6,210.8,0,89.1,17,13,2,0,,,2.5,USW00024221,"EUGENE MAHLON SWEET AIRPORT, OR US",44.1278,-123.2206,107.6,May-96
1996,6,1996.4167,23.1,7.2,15.2,28.9,2.2,96.4,1.4,9.9,4.8,4,0,0,,,2.8,USW00024221,"EUGENE MAHLON SWEET AIRPORT, OR US",44.1278,-123.2206,107.6,Jun-96
1996,7,1996.5,30.4,11.2,20.8,37.2,6.7,17.5,94.3,13.7,12.4,3,0,0,,,3.5,USW00024221,"EUGENE MAHLON SWEET AIRPORT, OR US",44.1278,-123.2206,107.6,Jul-96
1996,8,1996.5833,28.9,9.6,19.3,38.3,3.9,24.1,52.5,2.4,1.5,4,0,0,,,3.1,USW00024221,"EUGENE MAHLON SWEET AIRPORT, OR US",44.1278,-123.2206,107.6,Aug-96
1996,9,1996.6667,23.2,7,15.1,30,2.2,95.7,1.4,63.4,32.3,8,2,1,,,2.8,USW00024221,"EUGENE MAHLON SWEET AIRPORT, OR US",44.1278,-123.2206,107.6,Sep-96
1996,10,1996.75,16.7,5.3,11,27.8,-1.1,226.9,0.5,114.3,25.1,16,2,0,,,3,USW00024221,"EUGENE MAHLON SWEET AIRPORT, OR US",44.1278,-123.2206,107.6,Oct-96
1996,11,1996.8333,11.4,3.4,7.4,18.9,-1.7,328.2,0,306.4,102.4,21,5,2,,,2.8,USW00024221,"EUGENE MAHLON SWEET AIRPORT, OR US",44.1278,-123.2206,107.6,Nov-96
1996,12,1996.9167,8.9,2.6,5.8,16.7,-4.4,389.6,0,379.7,35.1,25,13,6,,,4,USW00024221,"EUGENE MAHLON SWEET AIRPORT, OR US",44.1278,-123.2206,107.6,Dec-96
1997,1,1997,8.5,1.4,4.9,15.6,-7.2,416.2,0,150.7,29.7,18,5,3,,,2.9,USW00024221,"EUGENE MAHLON SWEET AIRPORT, OR US",44.1278,-123.2206,107.6,Jan-97
1997,2,1997.0833,10.2,1.2,5.7,15,-3.3,353.5,0,52.7,11.7,16,0,0,,,2.7,USW00024221,"EUGENE MAHLON SWEET AIRPORT, OR US",44.1278,-123.2206,107.6,Feb-97
1997,3,1997.1667,13,3.4,8.2,22.8,-1.1,313.9,0,178.7,34.5,22,4,2,,,3.4,USW00024221,"EUGENE MAHLON SWEET AIRPORT, OR US",44.1278,-123.2206,107.6,Mar-97
1997,4,1997.25,15.3,4.6,10,23.3,-0.6,250.8,0,83.8,24.1,17,2,0,,,3,USW00024221,"EUGENE MAHLON SWEET AIRPORT, OR US",44.1278,-123.2206,107.6,Apr-97
1997,5,1997.3333,22.4,7.7,15,28.9,1.7,109.4,6.7,67.2,30.5,12,1,1,,,2.6,USW00024221,"EUGENE MAHLON SWEET AIRPORT, OR US",44.1278,-123.2206,107.6,May-97
1997,6,1997.4167,21.9,8,15,28.3,3.3,101.7,1.1,47.9,19.3,12,1,0,,,2.7,USW00024221,"EUGENE MAHLON SWEET AIRPORT, OR US",44.1278,-123.2206,107.6,Jun-97
1997,7,1997.5,27.7,10.3,19,32.8,6.7,13.7,34.4,2.6,1.5,3,0,0,,,3,USW00024221,"EUGENE MAHLON SWEET AIRPORT, OR US",44.1278,-123.2206,107.6,Jul-97
1997,8,1997.5833,29.1,12,20.5,35.6,7.8,1.3,69.9,40.4,17,5,2,0,,,2.9,USW00024221,"EUGENE MAHLON SWEET AIRPORT, OR US",44.1278,-123.2206,107.6,Aug-97
1997,9,1997.6667,23.9,10.2,17.1,32.2,5.6,49.6,12.2,82,20.6,12,3,0,,,2.7,USW00024221,"EUGENE MAHLON SWEET AIRPORT, OR US",44.1278,-123.2206,107.6,Sep-97
1997,10,1997.75,15.3,5.6,10.4,18.9,-0.6,245.2,0,111.1,22.4,17,4,0,,,3.2,USW00024221,"EUGENE MAHLON SWEET AIRPORT, OR US",44.1278,-123.2206,107.6,Oct-97
1997,11,1997.8333,12.2,4.7,8.5,20,-0.6,296.2,0,108.9,29.7,20,2,1,,,2.4,USW00024221,"EUGENE MAHLON SWEET AIRPORT, OR US",44.1278,-123.2206,107.6,Nov-97
1997,12,1997.9167,7.2,0.5,3.8,12.2,-3.3,449.6,0,56.8,16.5,13,1,0,,,2.5,USW00024221,"EUGENE MAHLON SWEET AIRPORT, OR US",44.1278,-123.2206,107.6,Dec-97
1998,1,1998,9.9,3.6,6.7,13.9,-1.1,359.5,0,205.3,23.1,25,7,0,,,3.4,USW00024221,"EUGENE MAHLON SWEET AIRPORT, OR US",44.1278,-123.2206,107.6,Jan-98
1998,2,1998.0833,11.4,3.5,7.4,17.8,-2.2,305.5,0,157.9,35.6,23,2,1,,,3.9,USW00024221,"EUGENE MAHLON SWEET AIRPORT, OR US",44.1278,-123.2206,107.6,Feb-98
1998,3,1998.1667,13.4,3.3,8.4,21.7,-3.3,309.6,0,130.2,30.7,22,2,1,,,2.7,USW00024221,"EUGENE MAHLON SWEET AIRPORT, OR US",44.1278,-123.2206,107.6,Mar-98
1998,4,1998.25,16.1,3.4,9.7,26.7,0.6,258.8,0,66.4,11.9,15,0,0,,,2.4,USW00024221,"EUGENE MAHLON SWEET AIRPORT, OR US",44.1278,-123.2206,107.6,Apr-98
1998,5,1998.3333,16.5,7.1,11.8,26.7,1.7,203.3,0.6,126.8,26.7,21,2,1,,,2.6,USW00024221,"EUGENE MAHLON SWEET AIRPORT, OR US",44.1278,-123.2206,107.6,May-98
1998,6,1998.4167,21.8,9,15.4,27.2,5,87,0,20.1,9.4,6,0,0,,,2.9,USW00024221,"EUGENE MAHLON SWEET AIRPORT, OR US",44.1278,-123.2206,107.6,Jun-98
1998,7,1998.5,28.9,12.4,20.6,40.6,8.9,4.8,76.5,0,0,0,0,0,,,3,USW00024221,"EUGENE MAHLON SWEET AIRPORT, OR US",44.1278,-123.2206,107.6,Jul-98
1998,8,1998.5833,29.8,9.9,19.9,36.1,5.6,14.4,62.1,0,0,0,0,0,,,3,USW00024221,"EUGENE MAHLON SWEET AIRPORT, OR US",44.1278,-123.2206,107.6,Aug-98
1998,9,1998.6667,27.1,8.2,17.7,36.1,3.9,46.5,26.4,9,4.6,3,0,0,,,2.9,USW00024221,"EUGENE MAHLON SWEET AIRPORT, OR US",44.1278,-123.2206,107.6,Sep-98
1998,10,1998.75,17.1,5,11.1,24.4,-0.6,224.7,0,59.7,8.1,18,0,0,,,2.7,USW00024221,"EUGENE MAHLON SWEET AIRPORT, OR US",44.1278,-123.2206,107.6,Oct-98
1998,11,1998.8333,11.8,5.1,8.5,17.2,1.1,295.5,0,288.4,45,25,8,4,,,3.9,USW00024221,"EUGENE MAHLON SWEET AIRPORT, OR US",44.1278,-123.2206,107.6,Nov-98
1998,12,1998.9167,7.4,1,4.2,17.2,-12.2,438.1,0,216.7,57.2,16,6,2,,,3.8,USW00024221,"EUGENE MAHLON SWEET AIRPORT, OR US",44.1278,-123.2206,107.6,Dec-98
1999,1,1999,8.9,2.3,5.6,15.6,-3.9,395.4,0,194.6,34,18,6,3,,,3.4,USW00024221,"EUGENE MAHLON SWEET AIRPORT, OR US",44.1278,-123.2206,107.6,Jan-99
1999,2,1999.0833,9.9,2.6,6.3,14.4,-1.1,338.4,0,254.7,34.5,25,7,2,,,4.7,USW00024221,"EUGENE MAHLON SWEET AIRPORT, OR US",44.1278,-123.2206,107.6,Feb-99
1999,3,1999.1667,11.2,2.4,6.8,17.2,-2.2,357,0,126.5,19.3,23,4,0,,,3.4,USW00024221,"EUGENE MAHLON SWEET AIRPORT, OR US",44.1278,-123.2206,107.6,Mar-99
1999,4,1999.25,15.9,3.4,9.7,26.1,-0.6,260.2,0,19.5,4.3,11,0,0,,,3.2,USW00024221,"EUGENE MAHLON SWEET AIRPORT, OR US",44.1278,-123.2206,107.6,Apr-99
1999,5,1999.3333,17.3,5.1,11.2,28.9,0,221.4,0,73.8,13.7,16,1,0,,,3.3,USW00024221,"EUGENE MAHLON SWEET AIRPORT, OR US",44.1278,-123.2206,107.6,May-99
1999,6,1999.4167,21.4,7.2,14.3,29.4,1.1,122.2,2.2,16.9,5.8,9,0,0,,,2.7,USW00024221,"EUGENE MAHLON SWEET AIRPORT, OR US",44.1278,-123.2206,107.6,Jun-99
1999,7,1999.5,26.5,9.6,18.1,33.3,5.6,38.8,30,6.7,3.8,4,0,0,,,3.4,USW00024221,"EUGENE MAHLON SWEET AIRPORT, OR US",44.1278,-123.2206,107.6,Jul-99
1999,8,1999.5833,26.7,12,19.4,33.3,7.2,18.2,49.9,23.6,10.4,7,0,0,,,2.8,USW00024221,"EUGENE MAHLON SWEET AIRPORT, OR US",44.1278,-123.2206,107.6,Aug-99
1999,9,1999.6667,26.9,5.9,16.4,35.6,-0.6,70.6,13.1,0,0,0,0,0,,,3.3,USW00024221,"EUGENE MAHLON SWEET AIRPORT, OR US",44.1278,-123.2206,107.6,Sep-99
1999,10,1999.75,19.4,3.4,11.4,25,-0.6,216,0,66.2,24.1,11,2,0,,,3,USW00024221,"EUGENE MAHLON SWEET AIRPORT, OR US",44.1278,-123.2206,107.6,Oct-99
1999,11,1999.8333,13.7,5.4,9.5,21.7,-1.7,263.7,0,203.7,50,22,5,2,,,3.1,USW00024221,"EUGENE MAHLON SWEET AIRPORT, OR US",44.1278,-123.2206,107.6,Nov-99
1999,12,1999.9167,8.1,1.2,4.7,13.3,-5.6,423.5,0,92.6,15.5,18,2,0,,,3.2,USW00024221,"EUGENE MAHLON SWEET AIRPORT, OR US",44.1278,-123.2206,107.6,Dec-99
2000,1,2000,7.4,0.7,4.1,11.7,-3.3,442.1,0,243.4,49,25,5,4,,,3,USW00024221,"EUGENE MAHLON SWEET AIRPORT, OR US",44.1278,-123.2206,107.6,Jan-00
2000,2,2000.0833,9.9,3,6.4,13.9,-1.1,344.6,0,152.6,18.5,21,4,0,,,2.7,USW00024221,"EUGENE MAHLON SWEET AIRPORT, OR US",44.1278,-123.2206,107.6,Feb-00
2000,3,2000.1667,12.4,1.6,7,18.3,-2.2,351.9,0,60.4,19.6,15,1,0,,,2.8,USW00024221,"EUGENE MAHLON SWEET AIRPORT, OR US",44.1278,-123.2206,107.6,Mar-00
2000,4,2000.25,16.9,4.1,10.5,25,-0.6,236,0,53.2,26.2,14,1,1,,,2.8,USW00024221,"EUGENE MAHLON SWEET AIRPORT, OR US",44.1278,-123.2206,107.6,Apr-00
2000,5,2000.3333,18.6,7.1,12.8,26.7,1.1,170.6,0,78.9,13.5,17,1,0,,,2.8,USW00024221,"EUGENE MAHLON SWEET AIRPORT, OR US",44.1278,-123.2206,107.6,May-00
2000,6,2000.4167,24.9,8.5,16.7,35,3.9,65.2,16.4,17.9,5.6,7,0,0,,,3.4,USW00024221,"EUGENE MAHLON SWEET AIRPORT, OR US",44.1278,-123.2206,107.6,Jun-00
2000,7,2000.5,26.8,9.8,18.3,33.9,5.6,26.6,24.5,10.7,6.6,2,0,0,,,3.1,USW00024221,"EUGENE MAHLON SWEET AIRPORT, OR US",44.1278,-123.2206,107.6,Jul-00
2000,8,2000.5833,27.4,9.3,18.3,33.9,3.9,37.1,37,0,0,0,0,0,,,3.1,USW00024221,"EUGENE MAHLON SWEET AIRPORT, OR US",44.1278,-123.2206,107.6,Aug-00
2000,9,2000.6667,24.5,8.8,16.7,32.2,-0.6,65.7,15.8,25.1,12.4,5,0,0,,,3,USW00024221,"EUGENE MAHLON SWEET AIRPORT, OR US",44.1278,-123.2206,107.6,Sep-00
2000,10,2000.75,17.9,4.8,11.4,26.1,-2.2,215.4,0,77.9,25.7,13,3,1,,,2.9,USW00024221,"EUGENE MAHLON SWEET AIRPORT, OR US",44.1278,-123.2206,107.6,Oct-00
2000,11,2000.8333,9.5,-0.3,4.6,15,-6.7,412,0,40.9,9.4,14,0,0,,,2.2,USW00024221,"EUGENE MAHLON SWEET AIRPORT, OR US",44.1278,-123.2206,107.6,Nov-00
2000,12,2000.9167,8.2,1.6,4.9,13.9,-1.7,417.1,0,104.3,25.1,16,2,0,,,2.5,USW00024221,"EUGENE MAHLON SWEET AIRPORT, OR US",44.1278,-123.2206,107.6,Dec-00
2001,1,2001,8.8,0.2,4.5,17.2,-6.1,429.3,0,38.2,9.4,14,0,0,,,2.4,USW00024221,"EUGENE MAHLON SWEET AIRPORT, OR US",44.1278,-123.2206,107.6,01-Jan
2001,2,2001.0833,10,0,5,15.6,-5,374,0,43.2,10.2,13,0,0,,,2.4,USW00024221,"EUGENE MAHLON SWEET AIRPORT, OR US",44.1278,-123.2206,107.6,01-Feb
2001,3,2001.1667,13.4,2.7,8.1,21.7,-1.7,318.9,0,63.2,14.5,16,1,0,,,3,USW00024221,"EUGENE MAHLON SWEET AIRPORT, OR US",44.1278,-123.2206,107.6,01-Mar
2001,4,2001.25,14.3,3,8.7,25,-1.7,289.7,0,52.1,9.1,19,0,0,,,3,USW00024221,"EUGENE MAHLON SWEET AIRPORT, OR US",44.1278,-123.2206,107.6,01-Apr
2001,5,2001.3333,21.6,4.5,13.1,32.2,-0.6,168.6,5,28.1,15.2,4,1,0,,,3,USW00024221,"EUGENE MAHLON SWEET AIRPORT, OR US",44.1278,-123.2206,107.6,01-May
2001,6,2001.4167,21.5,6.1,13.8,30.6,0.6,136.8,1.2,35.2,11.9,10,0,0,,,2.8,USW00024221,"EUGENE MAHLON SWEET AIRPORT, OR US",44.1278,-123.2206,107.6,01-Jun
2001,7,2001.5,27.2,9.2,18.2,33.3,5,28.1,23.7,10.6,8.1,2,0,0,,,2.9,USW00024221,"EUGENE MAHLON SWEET AIRPORT, OR US",44.1278,-123.2206,107.6,01-Jul
2001,8,2001.5833,28.1,10.7,19.4,36.7,5.6,11.9,44.7,11.2,7.4,3,0,0,,,3,USW00024221,"EUGENE MAHLON SWEET AIRPORT, OR US",44.1278,-123.2206,107.6,01-Aug
2001,9,2001.6667,26.2,8.8,17.5,32.8,3.3,47,22.8,16,7.9,5,0,0,,,3,USW00024221,"EUGENE MAHLON SWEET AIRPORT, OR US",44.1278,-123.2206,107.6,01-Sep
2001,10,2001.75,17.7,4.7,11.2,30.6,0,222.6,0.3,68.4,20.6,9,2,0,,,2.8,USW00024221,"EUGENE MAHLON SWEET AIRPORT, OR US",44.1278,-123.2206,107.6,01-Oct
2001,11,2001.8333,12.2,5.1,8.6,19.4,-2.2,290.4,0,174.8,36.8,22,4,2,,,3.2,USW00024221,"EUGENE MAHLON SWEET AIRPORT, OR US",44.1278,-123.2206,107.6,01-Nov
2001,12,2001.9167,8.2,2.5,5.4,13.3,-1.7,401.9,0,163.3,30.2,24,4,2,,,3.5,USW00024221,"EUGENE MAHLON SWEET AIRPORT, OR US",44.1278,-123.2206,107.6,01-Dec
2002,1,2002,8.3,2.6,5.4,16.1,-2.8,400.1,0,199.3,33.5,21,6,2,,,3.3,USW00024221,"EUGENE MAHLON SWEET AIRPORT, OR US",44.1278,-123.2206,107.6,02-Jan
2002,2,2002.0833,11.9,1.9,6.9,20,-2.2,320.2,0,61.3,24.9,14,1,0,,,3.2,USW00024221,"EUGENE MAHLON SWEET AIRPORT, OR US",44.1278,-123.2206,107.6,02-Feb
2002,3,2002.1667,11.6,1.8,6.7,17.8,-3.3,361.6,0,108.9,24.1,17,4,0,,,3.5,USW00024221,"EUGENE MAHLON SWEET AIRPORT, OR US",44.1278,-123.2206,107.6,02-Mar
2002,4,2002.25,15.9,5.1,10.5,22.2,0.6,235.8,0,48.9,17.8,13,2,0,,,3.4,USW00024221,"EUGENE MAHLON SWEET AIRPORT, OR US",44.1278,-123.2206,107.6,02-Apr
2002,5,2002.3333,18.3,5.4,11.8,28.3,-0.6,202.2,0,54.4,18.5,13,2,0,,,2.6,USW00024221,"EUGENE MAHLON SWEET AIRPORT, OR US",44.1278,-123.2206,107.6,02-May
2002,6,2002.4167,23.4,8.2,15.8,32.8,2.2,85.8,9.9,10.9,4.1,7,0,0,,,3.1,USW00024221,"EUGENE MAHLON SWEET AIRPORT, OR US",44.1278,-123.2206,107.6,02-Jun
2002,7,2002.5,29.2,10.9,20,36.7,7.2,11.2,63.7,0.3,0.3,1,0,0,,,3.6,USW00024221,"EUGENE MAHLON SWEET AIRPORT, OR US",44.1278,-123.2206,107.6,02-Jul
2002,8,2002.5833,28.6,8.9,18.8,40,5,34.3,47.3,3,3,1,0,0,,,3.2,USW00024221,"EUGENE MAHLON SWEET AIRPORT, OR US",44.1278,-123.2206,107.6,02-Aug
2002,9,2002.6667,25.2,8.1,16.7,31.7,3.3,61.1,10.9,21.6,11.7,4,0,0,,,3,USW00024221,"EUGENE MAHLON SWEET AIRPORT, OR US",44.1278,-123.2206,107.6,02-Sep
2002,10,2002.75,18.1,3.5,10.8,27.2,-8.3,234,0,10.2,7.9,4,0,0,,,2.6,USW00024221,"EUGENE MAHLON SWEET AIRPORT, OR US",44.1278,-123.2206,107.6,02-Oct
2002,11,2002.8333,12.6,2.3,7.4,21.1,-8.9,327.1,0,119.9,36.8,14,3,2,,,2.5,USW00024221,"EUGENE MAHLON SWEET AIRPORT, OR US",44.1278,-123.2206,107.6,02-Nov
2002,12,2002.9167,9.4,3.6,6.5,16.1,0,367.1,0,306.2,57.7,23,8,4,,,3.4,USW00024221,"EUGENE MAHLON SWEET AIRPORT, OR US",44.1278,-123.2206,107.6,02-Dec
2003,1,2003,10.4,4.3,7.3,16.1,-1.7,341.7,0,171.8,24.6,18,6,0,,,2.6,USW00024221,"EUGENE MAHLON SWEET AIRPORT, OR US",44.1278,-123.2206,107.6,03-Jan
2003,2,2003.0833,10.5,1.2,5.8,15,-3.9,349.9,0,71.1,19.1,14,2,0,,,3,USW00024221,"EUGENE MAHLON SWEET AIRPORT, OR US",44.1278,-123.2206,107.6,03-Feb
2003,3,2003.1667,13.6,5.5,9.5,25.6,0,272.8,0,144.3,21.3,25,4,0,,,3.8,USW00024221,"EUGENE MAHLON SWEET AIRPORT, OR US",44.1278,-123.2206,107.6,03-Mar
2003,4,2003.25,14.1,5.2,9.6,20.6,1.7,260.5,0,143.3,27.4,25,4,1,,,3.3,USW00024221,"EUGENE MAHLON SWEET AIRPORT, OR US",44.1278,-123.2206,107.6,03-Apr
2003,5,2003.3333,18.9,6.5,12.7,27.2,0,175.1,0,26.9,7.1,12,0,0,,,2.7,USW00024221,"EUGENE MAHLON SWEET AIRPORT, OR US",44.1278,-123.2206,107.6,03-May
2003,6,2003.4167,24.8,8.8,16.8,35.6,4.4,69.3,23.7,4.8,2.5,2,0,0,,,3.1,USW00024221,"EUGENE MAHLON SWEET AIRPORT, OR US",44.1278,-123.2206,107.6,03-Jun
2003,7,2003.5,30.7,10.2,20.4,38.3,5.6,7.8,73.3,0,0,0,0,0,,,3.1,USW00024221,"EUGENE MAHLON SWEET AIRPORT, OR US",44.1278,-123.2206,107.6,03-Jul
2003,8,2003.5833,28.6,10.9,19.7,33.9,7.2,3.1,46.1,2.1,1.8,2,0,0,,,3.1,USW00024221,"EUGENE MAHLON SWEET AIRPORT, OR US",44.1278,-123.2206,107.6,03-Aug
2003,9,2003.6667,26.2,9.4,17.8,36.1,4.4,46.6,30,20.3,10.4,5,0,0,,,3.3,USW00024221,"EUGENE MAHLON SWEET AIRPORT, OR US",44.1278,-123.2206,107.6,03-Sep
2003,10,2003.75,19.1,7.7,13.4,26.7,-2.8,156.1,3.3,49.7,14.5,11,1,0,,,3.1,USW00024221,"EUGENE MAHLON SWEET AIRPORT, OR US",44.1278,-123.2206,107.6,03-Oct
2003,11,2003.8333,9.9,2.3,6.1,15.6,-6.7,366.6,0,145.7,25.7,21,5,1,,,3,USW00024221,"EUGENE MAHLON SWEET AIRPORT, OR US",44.1278,-123.2206,107.6,03-Nov
2003,12,2003.9167,8.8,2.8,5.8,14.4,-3.9,389.3,0,269.7,68.1,25,8,3,,,3.1,USW00024221,"EUGENE MAHLON SWEET AIRPORT, OR US",44.1278,-123.2206,107.6,03-Dec
2004,1,2004,7.8,2.4,5.1,13.3,-6.7,409.4,0,180,34.3,25,5,1,,,3,USW00024221,"EUGENE MAHLON SWEET AIRPORT, OR US",44.1278,-123.2206,107.6,04-Jan
2004,2,2004.0833,10.5,2.3,6.4,14.4,-3.3,345.3,0,104.4,25.9,20,2,1,,,2.7,USW00024221,"EUGENE MAHLON SWEET AIRPORT, OR US",44.1278,-123.2206,107.6,04-Feb
2004,3,2004.1667,15.7,3.4,9.6,24.4,0,271.5,0,45.9,7.4,11,0,0,,,2.9,USW00024221,"EUGENE MAHLON SWEET AIRPORT, OR US",44.1278,-123.2206,107.6,04-Mar
2004,4,2004.25,18.1,3.7,10.9,27.2,-0.6,223.4,0,68.4,23.4,7,2,0,,,3.1,USW00024221,"EUGENE MAHLON SWEET AIRPORT, OR US",44.1278,-123.2206,107.6,04-Apr
2004,5,2004.3333,19.6,7.6,13.6,26.1,1.7,147.7,0,44.3,11.9,18,0,0,,,2.8,USW00024221,"EUGENE MAHLON SWEET AIRPORT, OR US",44.1278,-123.2206,107.6,04-May
2004,6,2004.4167,23.9,9.4,16.6,32.8,3.9,64.9,14.3,34.6,17.3,7,1,0,,,3.1,USW00024221,"EUGENE MAHLON SWEET AIRPORT, OR US",44.1278,-123.2206,107.6,04-Jun
2004,7,2004.5,30,11.4,20.7,39.4,6.7,7.4,80.4,1.5,1.5,1,0,0,,,3,USW00024221,"EUGENE MAHLON SWEET AIRPORT, OR US",44.1278,-123.2206,107.6,04-Jul
2004,8,2004.5833,29.3,12,20.7,36.1,7.8,4.7,77.4,20.4,7.4,7,0,0,,,3.4,USW00024221,"EUGENE MAHLON SWEET AIRPORT, OR US",44.1278,-123.2206,107.6,04-Aug
2004,9,2004.6667,22.2,9,15.6,28.9,3.3,82.7,0.3,52.6,15.5,8,2,0,,,2.7,USW00024221,"EUGENE MAHLON SWEET AIRPORT, OR US",44.1278,-123.2206,107.6,04-Sep
2004,10,2004.75,17.5,6.5,12,25,1.1,196.1,0.3,88.2,26.7,14,2,1,,,2.7,USW00024221,"EUGENE MAHLON SWEET AIRPORT, OR US",44.1278,-123.2206,107.6,04-Oct
2004,11,2004.8333,10.4,2.8,6.6,13.9,-2.8,352.7,0,56.3,22.4,11,1,0,,,2.1,USW00024221,"EUGENE MAHLON SWEET AIRPORT, OR US",44.1278,-123.2206,107.6,04-Nov
2004,12,2004.9167,8.9,2.6,5.8,16.1,-1.7,389.9,0,104.6,28.7,19,3,2,,,2.8,USW00024221,"EUGENE MAHLON SWEET AIRPORT, OR US",44.1278,-123.2206,107.6,04-Dec
2005,1,2005,9.4,1.1,5.3,19.4,-6.1,405.3,0,42.3,8.9,13,0,0,,,2.7,USW00024221,"EUGENE MAHLON SWEET AIRPORT, OR US",44.1278,-123.2206,107.6,05-Jan
2005,2,2005.0833,10.6,0.1,5.3,16.7,-4.4,364.4,0,32.4,15.5,7,1,0,,,2.4,USW00024221,"EUGENE MAHLON SWEET AIRPORT, OR US",44.1278,-123.2206,107.6,05-Feb
2005,3,2005.1667,15.7,3.4,9.6,22.8,-1.7,272.2,0,90.9,18.8,14,1,0,,,3.3,USW00024221,"EUGENE MAHLON SWEET AIRPORT, OR US",44.1278,-123.2206,107.6,05-Mar
2005,4,2005.25,15.6,4.4,10,23.9,0.6,249.6,0,64.7,11.9,16,0,0,,,2.9,USW00024221,"EUGENE MAHLON SWEET AIRPORT, OR US",44.1278,-123.2206,107.6,05-Apr
2005,5,2005.3333,19.6,8.5,14,30,3.9,137.7,4.2,97.8,18,20,1,0,,,3,USW00024221,"EUGENE MAHLON SWEET AIRPORT, OR US",44.1278,-123.2206,107.6,05-May
2005,6,2005.4167,21.3,9,15.2,29.4,3.9,98.1,3.1,34.9,8.1,12,0,0,,,2.9,USW00024221,"EUGENE MAHLON SWEET AIRPORT, OR US",44.1278,-123.2206,107.6,05-Jun
2005,7,2005.5,28.9,11.3,20.1,36.7,7.2,4.8,59.5,5.6,2,5,0,0,,,3.4,USW00024221,"EUGENE MAHLON SWEET AIRPORT, OR US",44.1278,-123.2206,107.6,05-Jul
2005,8,2005.5833,30.3,9.9,20.1,36.1,6.7,7.8,63.1,9.4,9.4,1,0,0,,,3,USW00024221,"EUGENE MAHLON SWEET AIRPORT, OR US",44.1278,-123.2206,107.6,05-Aug
2005,9,2005.6667,24.6,7,15.8,31.1,1.7,80.7,4.7,26.5,19.8,4,1,0,,,2.7,USW00024221,"EUGENE MAHLON SWEET AIRPORT, OR US",44.1278,-123.2206,107.6,05-Sep
2005,10,2005.75,17.7,7.1,12.4,22.2,0,185,0,75.1,19.1,17,2,0,,,2.7,USW00024221,"EUGENE MAHLON SWEET AIRPORT, OR US",44.1278,-123.2206,107.6,05-Oct
2005,11,2005.8333,9.5,1.8,5.6,15,-2.2,381.2,0,131.7,23.4,16,3,0,,,2.6,USW00024221,"EUGENE MAHLON SWEET AIRPORT, OR US",44.1278,-123.2206,107.6,05-Nov
2005,12,2005.9167,6.9,1,4,15.6,-6.7,445.2,0,271.8,62.2,16,8,4,,,3.1,USW00024221,"EUGENE MAHLON SWEET AIRPORT, OR US",44.1278,-123.2206,107.6,05-Dec
2006,1,2006,9.5,3.7,6.6,13.9,-0.6,363.5,0,322.1,60.2,25,10,2,,,4.2,USW00024221,"EUGENE MAHLON SWEET AIRPORT, OR US",44.1278,-123.2206,107.6,06-Jan
2006,2,2006.0833,10,0.1,5,15.6,-7.8,372.2,0,76.8,33.8,9,2,1,,,3.2,USW00024221,"EUGENE MAHLON SWEET AIRPORT, OR US",44.1278,-123.2206,107.6,06-Feb
2006,3,2006.1667,11.4,2.4,6.9,18.9,-2.8,354.9,0,115.6,15.2,23,1,0,,,3.8,USW00024221,"EUGENE MAHLON SWEET AIRPORT, OR US",44.1278,-123.2206,107.6,06-Mar
2006,4,2006.25,16.2,4.5,10.4,25,0.6,238.8,0,49.3,21.6,13,1,0,,,3.3,USW00024221,"EUGENE MAHLON SWEET AIRPORT, OR US",44.1278,-123.2206,107.6,06-Apr
2006,5,2006.3333,20.1,6.3,13.2,30.6,0,161.2,1.7,76.8,14.5,12,3,0,,,2.9,USW00024221,"EUGENE MAHLON SWEET AIRPORT, OR US",44.1278,-123.2206,107.6,06-May
2006,6,2006.4167,23.7,10.1,16.9,36.1,5,62.9,19.7,21.4,10.9,7,0,0,,,3,USW00024221,"EUGENE MAHLON SWEET AIRPORT, OR US",44.1278,-123.2206,107.6,06-Jun
2006,7,2006.5,29.4,11,20.2,40.6,5.6,17.8,76.5,2.5,1.3,5,0,0,,,3.1,USW00024221,"EUGENE MAHLON SWEET AIRPORT, OR US",44.1278,-123.2206,107.6,06-Jul
2006,8,2006.5833,28.3,8.9,18.6,35,5.6,28.8,37.5,0,0,0,0,0,,,3.2,USW00024221,"EUGENE MAHLON SWEET AIRPORT, OR US",44.1278,-123.2206,107.6,06-Aug
2006,9,2006.6667,26.2,7,16.6,35,2.8,62.7,11.7,13.3,5.8,6,0,0,,,2.8,USW00024221,"EUGENE MAHLON SWEET AIRPORT, OR US",44.1278,-123.2206,107.6,06-Sep
2006,10,2006.75,18.3,2.2,10.3,26.1,-8.3,250.3,0,16.9,9.9,6,0,0,,,2.4,USW00024221,"EUGENE MAHLON SWEET AIRPORT, OR US",44.1278,-123.2206,107.6,06-Oct
2006,11,2006.8333,11.4,4.4,7.9,21.1,-6.7,314.8,0.6,362.6,65,23,12,5,,,3.9,USW00024221,"EUGENE MAHLON SWEET AIRPORT, OR US",44.1278,-123.2206,107.6,06-Nov
2006,12,2006.9167,7.5,0.9,4.2,14.4,-4.4,439,0,195,36.3,16,6,2,,,2.9,USW00024221,"EUGENE MAHLON SWEET AIRPORT, OR US",44.1278,-123.2206,107.6,06-Dec
2007,1,2007,7.5,-1.4,3.1,13.9,-8.3,472.8,0,102.6,32.5,11,2,1,,,2.8,USW00024221,"EUGENE MAHLON SWEET AIRPORT, OR US",44.1278,-123.2206,107.6,07-Jan
2007,2,2007.0833,10.3,2.3,6.3,17.8,-6.7,337.6,0,132.6,26.9,22,3,1,,,3.4,USW00024221,"EUGENE MAHLON SWEET AIRPORT, OR US",44.1278,-123.2206,107.6,07-Feb
2007,3,2007.1667,15.1,3.9,9.5,22.8,-2.2,274.1,0,49.7,9.4,14,0,0,,,3.2,USW00024221,"EUGENE MAHLON SWEET AIRPORT, OR US",44.1278,-123.2206,107.6,07-Mar
2007,4,2007.25,15.7,3.3,9.5,24.4,-1.7,265.6,0,56.6,10.2,12,0,0,,,2.4,USW00024221,"EUGENE MAHLON SWEET AIRPORT, OR US",44.1278,-123.2206,107.6,07-Apr
2007,5,2007.3333,19.5,4.7,12.1,28.9,0,193.6,0,34,11.4,8,0,0,,,2.6,USW00024221,"EUGENE MAHLON SWEET AIRPORT, OR US",44.1278,-123.2206,107.6,07-May
2007,6,2007.4167,22.6,7.4,15,29.4,1.1,101.1,2,9.8,3.8,7,0,0,,,2.6,USW00024221,"EUGENE MAHLON SWEET AIRPORT, OR US",44.1278,-123.2206,107.6,07-Jun
2007,7,2007.5,28.4,12.1,20.2,38.3,8.3,2.6,61.5,11.7,7.6,3,0,0,,,3,USW00024221,"EUGENE MAHLON SWEET AIRPORT, OR US",44.1278,-123.2206,107.6,07-Jul
2007,8,2007.5833,27.3,10.3,18.8,34.4,5,18,31.7,15.5,11.9,4,0,0,,,2.8,USW00024221,"EUGENE MAHLON SWEET AIRPORT, OR US",44.1278,-123.2206,107.6,07-Aug
2007,9,2007.6667,23.6,7.6,15.6,34.4,0,93.6,12,47,30,7,1,1,,,3.2,USW00024221,"EUGENE MAHLON SWEET AIRPORT, OR US",44.1278,-123.2206,107.6,07-Sep
2007,10,2007.75,15.6,5.7,10.6,23.9,-1.7,238.2,0,117.2,38.6,15,2,1,,,2.9,USW00024221,"EUGENE MAHLON SWEET AIRPORT, OR US",44.1278,-123.2206,107.6,07-Oct
2007,11,2007.8333,10.1,1.6,5.8,17.2,-6.1,375.1,0,113.3,49,12,3,2,,,2.3,USW00024221,"EUGENE MAHLON SWEET AIRPORT, OR US",44.1278,-123.2206,107.6,07-Nov
2007,12,2007.9167,7.4,1.4,4.4,16.1,-4.4,432.9,0,179.9,30,23,4,2,,,3.5,USW00024221,"EUGENE MAHLON SWEET AIRPORT, OR US",44.1278,-123.2206,107.6,07-Dec
2008,1,2008,5.9,-0.4,2.7,11.7,-7.8,483.9,0,211.2,27.9,19,6,1,,,3.4,USW00024221,"EUGENE MAHLON SWEET AIRPORT, OR US",44.1278,-123.2206,107.6,08-Jan
2008,2,2008.0833,10.5,1.2,5.8,16.1,-2.8,362.4,0,42,11.7,11,0,0,,,2.6,USW00024221,"EUGENE MAHLON SWEET AIRPORT, OR US",44.1278,-123.2206,107.6,08-Feb
2008,3,2008.1667,11.1,1.5,6.3,18.9,-2.2,372.7,0,114,16.8,20,2,0,,,3.1,USW00024221,"EUGENE MAHLON SWEET AIRPORT, OR US",44.1278,-123.2206,107.6,08-Mar
2008,4,2008.25,13.7,2.7,8.2,28.9,-2.8,304.4,0,41.5,8.4,19,0,0,,,3.2,USW00024221,"EUGENE MAHLON SWEET AIRPORT, OR US",44.1278,-123.2206,107.6,08-Apr
2008,5,2008.3333,19.2,7.4,13.3,35,0.6,168.6,12.3,14.1,7.9,7,0,0,,,2.4,USW00024221,"EUGENE MAHLON SWEET AIRPORT, OR US",44.1278,-123.2206,107.6,08-May
2008,6,2008.4167,22.2,6.8,14.5,36.1,1.1,132.3,16.5,15.9,8.6,9,0,0,,,2.9,USW00024221,"EUGENE MAHLON SWEET AIRPORT, OR US",44.1278,-123.2206,107.6,08-Jun
2008,7,2008.5,28.8,10.3,19.6,36.1,6.7,12.2,49.8,1.3,1,2,0,0,,,3.5,USW00024221,"EUGENE MAHLON SWEET AIRPORT, OR US",44.1278,-123.2206,107.6,08-Jul
2008,8,2008.5833,27.8,11.3,19.5,37.8,3.3,23.6,60.4,28,15.5,9,1,0,,,3.1,USW00024221,"EUGENE MAHLON SWEET AIRPORT, OR US",44.1278,-123.2206,107.6,08-Aug
2008,9,2008.6667,25.7,7.4,16.6,32.2,2.8,66.6,14.2,5.6,2.3,3,0,0,,,2.6,USW00024221,"EUGENE MAHLON SWEET AIRPORT, OR US",44.1278,-123.2206,107.6,08-Sep
2008,10,2008.75,17.2,4.5,10.9,26.1,-2.2,233,1.1,44,22.1,8,1,0,,,2.3,USW00024221,"EUGENE MAHLON SWEET AIRPORT, OR US",44.1278,-123.2206,107.6,08-Oct
2008,11,2008.8333,12.5,5.2,8.9,21.1,-1.1,283.8,0,100.8,32.3,14,2,1,,,2.7,USW00024221,"EUGENE MAHLON SWEET AIRPORT, OR US",44.1278,-123.2206,107.6,08-Nov
2008,12,2008.9167,7,-0.7,3.1,15,-12.2,471.2,0,123.1,15.2,22,4,0,,,3.4,USW00024221,"EUGENE MAHLON SWEET AIRPORT, OR US",44.1278,-123.2206,107.6,08-Dec
2009,1,2009,7.8,-0.2,3.8,13.9,-6.1,450.1,0,51.7,12.7,14,1,0,,,2.5,USW00024221,"EUGENE MAHLON SWEET AIRPORT, OR US",44.1278,-123.2206,107.6,09-Jan
2009,2,2009.0833,10.1,0.2,5.1,13.9,-5,370.3,0,119.6,41.9,13,4,1,,,2.5,USW00024221,"EUGENE MAHLON SWEET AIRPORT, OR US",44.1278,-123.2206,107.6,09-Feb
2009,3,2009.1667,11.3,1.6,6.4,17.2,-4.4,369.6,0,79.1,16.5,19,1,0,,,3.3,USW00024221,"EUGENE MAHLON SWEET AIRPORT, OR US",44.1278,-123.2206,107.6,09-Mar
2009,4,2009.25,15.4,2.6,9,25,-2.8,279.7,0,35.3,8.1,11,0,0,,,2.5,USW00024221,"EUGENE MAHLON SWEET AIRPORT, OR US",44.1278,-123.2206,107.6,09-Apr
2009,5,2009.3333,20.5,5.3,12.9,30,0.6,171.5,3.3,77.9,20.3,13,2,0,,,2.9,USW00024221,"EUGENE MAHLON SWEET AIRPORT, OR US",44.1278,-123.2206,107.6,09-May
2009,6,2009.4167,23.2,10,16.6,28.9,3.9,56.2,4.5,49.5,42.4,5,1,1,,,3,USW00024221,"EUGENE MAHLON SWEET AIRPORT, OR US",44.1278,-123.2206,107.6,09-Jun
2009,7,2009.5,30,11.6,20.8,41.1,6.1,14.8,91.4,18,17.5,2,1,0,,,3,USW00024221,"EUGENE MAHLON SWEET AIRPORT, OR US",44.1278,-123.2206,107.6,09-Jul
2009,8,2009.5833,27.9,11,19.4,38.3,5,22.8,57.2,3.1,1.5,3,0,0,,,3,USW00024221,"EUGENE MAHLON SWEET AIRPORT, OR US",44.1278,-123.2206,107.6,09-Aug
2009,9,2009.6667,25.3,9,17.1,33.3,4.4,52.1,16.1,34.2,18.8,9,1,0,,,2.8,USW00024221,"EUGENE MAHLON SWEET AIRPORT, OR US",44.1278,-123.2206,107.6,09-Sep
2009,10,2009.75,16.7,5.5,11.1,25,-1.7,224.5,0,66.8,13.2,14,1,0,,,2.3,USW00024221,"EUGENE MAHLON SWEET AIRPORT, OR US",44.1278,-123.2206,107.6,09-Oct
2009,11,2009.8333,11.8,2.4,7.1,16.1,-2.2,337.5,0,142.9,24.4,16,4,0,,,3.3,USW00024221,"EUGENE MAHLON SWEET AIRPORT, OR US",44.1278,-123.2206,107.6,09-Nov
2009,12,2009.9167,5.8,-1.7,2,16.7,-13.9,505.8,0,130.9,31.5,15,3,2,,,2.4,USW00024221,"EUGENE MAHLON SWEET AIRPORT, OR US",44.1278,-123.2206,107.6,09-Dec
2010,1,2010,10.7,4.4,7.6,14.4,-1.1,334.2,0,130.6,19.6,22,3,0,,,2.4,USW00024221,"EUGENE MAHLON SWEET AIRPORT, OR US",44.1278,-123.2206,107.6,10-Jan
2010,2,2010.0833,12.2,3.6,7.9,16.7,-3.3,293.3,0,116.3,17,16,3,0,,,2.3,USW00024221,"EUGENE MAHLON SWEET AIRPORT, OR US",44.1278,-123.2206,107.6,10-Feb
2010,3,2010.1667,12.9,2.6,7.8,20.6,-2.2,327.6,0,138,22.9,15,5,0,,,3.2,USW00024221,"EUGENE MAHLON SWEET AIRPORT, OR US",44.1278,-123.2206,107.6,10-Mar
2010,4,2010.25,14.9,4,9.5,21.7,-1.7,266.1,0,101.8,16,18,1,0,,,3.3,USW00024221,"EUGENE MAHLON SWEET AIRPORT, OR US",44.1278,-123.2206,107.6,10-Apr
2010,5,2010.3333,17.3,5.9,11.6,23.9,0,207.7,0,94.6,13.2,17,1,0,,,2.6,USW00024221,"EUGENE MAHLON SWEET AIRPORT, OR US",44.1278,-123.2206,107.6,10-May
2010,6,2010.4167,21,8.9,14.9,28.3,4.4,101.7,0.3,70.8,19.8,12,2,0,,,2.4,USW00024221,"EUGENE MAHLON SWEET AIRPORT, OR US",44.1278,-123.2206,107.6,10-Jun
2010,7,2010.5,28.3,10.1,19.1,36.1,6.7,25.6,51.1,0.5,0.5,1,0,0,,,3.2,USW00024221,"EUGENE MAHLON SWEET AIRPORT, OR US",44.1278,-123.2206,107.6,10-Jul
2010,8,2010.5833,27.9,10.3,19.1,38.3,6.1,27.1,50.5,11.2,11.2,1,0,0,,,2.7,USW00024221,"EUGENE MAHLON SWEET AIRPORT, OR US",44.1278,-123.2206,107.6,10-Aug
2010,9,2010.6667,23.7,10.4,17,32.2,5,55.2,16.3,41.1,15.7,6,2,0,,,2.2,USW00024221,"EUGENE MAHLON SWEET AIRPORT, OR US",44.1278,-123.2206,107.6,10-Sep
2010,10,2010.75,17.3,6.2,11.8,23.9,0.6,204.1,0,131,31.2,12,3,2,,,2.4,USW00024221,"EUGENE MAHLON SWEET AIRPORT, OR US",44.1278,-123.2206,107.6,10-Oct
2010,11,2010.8333,10.9,3.6,7.3,20.6,-3.9,331.7,0,150.2,21.3,22,6,0,,,2.9,USW00024221,"EUGENE MAHLON SWEET AIRPORT, OR US",44.1278,-123.2206,107.6,10-Nov
2010,12,2010.9167,9.1,3.4,6.2,15.6,-2.2,374.8,0,172.3,25.7,21,6,1,,,3.2,USW00024221,"EUGENE MAHLON SWEET AIRPORT, OR US",44.1278,-123.2206,107.6,10-Dec
2011,1,2011,9.1,1.4,5.3,16.7,-5,404.9,0,52,16,10,1,0,,,2.4,USW00024221,"EUGENE MAHLON SWEET AIRPORT, OR US",44.1278,-123.2206,107.6,11-Jan
2011,2,2011.0833,9,0.1,4.5,15.6,-7.2,386.3,0,124.7,44.5,12,3,2,,,3.3,USW00024221,"EUGENE MAHLON SWEET AIRPORT, OR US",44.1278,-123.2206,107.6,11-Feb
2011,3,2011.1667,12.1,3.9,8,19.4,0,320.2,0,158.1,19.3,26,4,0,,,3.9,USW00024221,"EUGENE MAHLON SWEET AIRPORT, OR US",44.1278,-123.2206,107.6,11-Mar
2011,4,2011.25,13.3,3.3,8.3,21.1,-0.6,301.3,0,96.1,13.5,19,2,0,,,3.3,USW00024221,"EUGENE MAHLON SWEET AIRPORT, OR US",44.1278,-123.2206,107.6,11-Apr
2011,5,2011.3333,16.7,5.3,11,22.2,0.6,227.4,0,66.8,11.9,14,0,0,,,2.3,USW00024221,"EUGENE MAHLON SWEET AIRPORT, OR US",44.1278,-123.2206,107.6,11-May
2011,6,2011.4167,21.2,8.2,14.7,27.2,2.8,108.8,0,25.3,11.2,7,0,0,,,2.3,USW00024221,"EUGENE MAHLON SWEET AIRPORT, OR US",44.1278,-123.2206,107.6,11-Jun
2011,7,2011.5,25.7,10.2,18,32.2,5.6,30.3,19.5,29.8,17.3,6,1,0,,,3,USW00024221,"EUGENE MAHLON SWEET AIRPORT, OR US",44.1278,-123.2206,107.6,11-Jul
2011,8,2011.5833,28.5,11.2,19.8,33.9,6.7,12.4,59.1,0.3,0.3,1,0,0,,,2.4,USW00024221,"EUGENE MAHLON SWEET AIRPORT, OR US",44.1278,-123.2206,107.6,11-Aug
2011,9,2011.6667,27.5,9.9,18.7,34.4,4.4,32,43,3.1,2,3,0,0,,,2.7,USW00024221,"EUGENE MAHLON SWEET AIRPORT, OR US",44.1278,-123.2206,107.6,11-Sep
2011,10,2011.75,17.4,7,12.2,21.1,-2.8,189.5,0,46.1,10.9,13,0,0,,,2.4,USW00024221,"EUGENE MAHLON SWEET AIRPORT, OR US",44.1278,-123.2206,107.6,11-Oct
2011,11,2011.8333,11.3,3,7.1,19.4,-3.3,335.7,0,135.6,32.3,22,3,1,,,2.9,USW00024221,"EUGENE MAHLON SWEET AIRPORT, OR US",44.1278,-123.2206,107.6,11-Nov
2011,12,2011.9167,7.1,-0.2,3.4,13.9,-6.7,461.7,0,127.3,60.5,8,3,2,,,2.3,USW00024221,"EUGENE MAHLON SWEET AIRPORT, OR US",44.1278,-123.2206,107.6,11-Dec
2012,1,2012,9.3,0.9,5.1,16.7,-7.2,411.7,0,206.1,60.7,20,5,3,,,3.1,USW00024221,"EUGENE MAHLON SWEET AIRPORT, OR US",44.1278,-123.2206,107.6,12-Jan
2012,2,2012.0833,10.2,0.5,5.4,15.6,-4.4,376,0,103,22.4,18,2,0,,,2.7,USW00024221,"EUGENE MAHLON SWEET AIRPORT, OR US",44.1278,-123.2206,107.6,12-Feb
2012,3,2012.1667,11.2,2.2,6.7,20,-3.9,360.6,0,252.5,48.8,22,7,3,,,3.8,USW00024221,"EUGENE MAHLON SWEET AIRPORT, OR US",44.1278,-123.2206,107.6,12-Mar
2012,4,2012.25,16.4,5.6,11,26.7,0.6,220.6,0.3,91.9,23.9,18,1,0,,,2.7,USW00024221,"EUGENE MAHLON SWEET AIRPORT, OR US",44.1278,-123.2206,107.6,12-Apr
2012,5,2012.3333,19.3,5.9,12.6,28.3,0.6,178.7,0,68.1,30.7,9,2,1,,,2.7,USW00024221,"EUGENE MAHLON SWEET AIRPORT, OR US",44.1278,-123.2206,107.6,12-May
2012,6,2012.4167,21.5,8.7,15.1,29.4,2.2,103.1,5.6,57,11.9,16,0,0,,,2.5,USW00024221,"EUGENE MAHLON SWEET AIRPORT, OR US",44.1278,-123.2206,107.6,12-Jun
2012,7,2012.5,26.9,10.8,18.9,32.8,5.6,17.3,33.3,4.1,2,3,0,0,,,2.5,USW00024221,"EUGENE MAHLON SWEET AIRPORT, OR US",44.1278,-123.2206,107.6,12-Jul
2012,8,2012.5833,29.6,10.8,20.2,38.3,6.1,8.1,65.3,0.8,0.5,2,0,0,,,3.1,USW00024221,"EUGENE MAHLON SWEET AIRPORT, OR US",44.1278,-123.2206,107.6,12-Aug
2012,9,2012.6667,26.8,7.8,17.3,35,3.9,46.6,15.4,0.3,0.3,1,0,0,,,2.7,USW00024221,"EUGENE MAHLON SWEET AIRPORT, OR US",44.1278,-123.2206,107.6,12-Sep
2012,10,2012.75,18.8,6.6,12.7,28.3,0,174.6,0,108.5,35.1,12,2,1,,,3,USW00024221,"EUGENE MAHLON SWEET AIRPORT, OR US",44.1278,-123.2206,107.6,12-Oct
2012,11,2012.8333,12.4,5.3,8.9,23.3,0,283.5,0,193.8,48.3,18,3,2,,,2.9,USW00024221,"EUGENE MAHLON SWEET AIRPORT, OR US",44.1278,-123.2206,107.6,12-Nov
2012,12,2012.9167,8.6,2.8,5.7,14.4,-1.1,391.8,0,189.4,28.2,23,6,2,,,3.4,USW00024221,"EUGENE MAHLON SWEET AIRPORT, OR US",44.1278,-123.2206,107.6,12-Dec
2013,1,2013,5.7,-0.4,2.6,13.3,-6.7,486.9,0,34.5,6.4,11,0,0,,,1.9,USW00024221,"EUGENE MAHLON SWEET AIRPORT, OR US",44.1278,-123.2206,107.6,13-Jan
2013,2,2013.0833,10.2,2.3,6.3,13.9,-2.8,337.9,0,41,11.2,14,0,0,,,2.6,USW00024221,"EUGENE MAHLON SWEET AIRPORT, OR US",44.1278,-123.2206,107.6,13-Feb
2013,3,2013.1667,14.5,3,8.7,22.2,-2.2,298.1,0,54.2,12.7,12,1,0,,,2.2,USW00024221,"EUGENE MAHLON SWEET AIRPORT, OR US",44.1278,-123.2206,107.6,13-Mar
2013,4,2013.25,17,4.6,10.8,25.6,-0.5,225.7,0,36.8,11.9,10,0,0,,0,2.7,USW00024221,"EUGENE MAHLON SWEET AIRPORT, OR US",44.1278,-123.2206,107.6,13-Apr
2013,5,2013.3333,21.1,6.9,14,30,1.1,137.1,2.5,51.7,13,13,1,0,,0,3.1,USW00024221,"EUGENE MAHLON SWEET AIRPORT, OR US",44.1278,-123.2206,107.6,13-May
2013,6,2013.4167,25,9.8,17.4,35.6,4.4,54,25.3,28.1,18.3,7,1,0,0,0,2.5,USW00024221,"EUGENE MAHLON SWEET AIRPORT, OR US",44.1278,-123.2206,107.6,13-Jun
2013,7,2013.5,30.6,10.8,20.7,35.6,6.1,4.5,77.7,0,0,0,0,0,0,0,3.4,USW00024221,"EUGENE MAHLON SWEET AIRPORT, OR US",44.1278,-123.2206,107.6,13-Jul
2013,8,2013.5833,28.6,12.7,20.7,35,7.8,7.1,79.2,6.4,3.8,4,0,0,0,0,2.5,USW00024221,"EUGENE MAHLON SWEET AIRPORT, OR US",44.1278,-123.2206,107.6,13-Aug
2013,9,2013.6667,23.1,11.9,17.5,32.2,5,57,33.1,179.8,48.3,15,6,1,,0,3.2,USW00024221,"EUGENE MAHLON SWEET AIRPORT, OR US",44.1278,-123.2206,107.6,13-Sep
2013,10,2013.75,16.5,3.9,10.2,25.6,-2.1,251.7,0,14.8,8.4,6,0,0,,0,1.7,USW00024221,"EUGENE MAHLON SWEET AIRPORT, OR US",44.1278,-123.2206,107.6,13-Oct
2013,11,2013.8333,11.1,2.6,6.8,17.8,-7.1,345.5,0,54.2,10.9,14,0,0,,,2.4,USW00024221,"EUGENE MAHLON SWEET AIRPORT, OR US",44.1278,-123.2206,107.6,13-Nov
2013,12,2013.9167,4.9,-3.2,0.8,13.3,-23.2,542.6,0,37.7,15.5,8,2,0,,0,2.1,USW00024221,"EUGENE MAHLON SWEET AIRPORT, OR US",44.1278,-123.2206,107.6,13-Dec
2014,1,2014,7.8,0.8,4.3,13.3,-4.3,435.5,0,65.4,17.5,11,2,0,,0,2.4,USW00024221,"EUGENE MAHLON SWEET AIRPORT, OR US",44.1278,-123.2206,107.6,14-Jan
2014,2,2014.0833,9.1,1.9,5.5,17.2,-6.6,359.9,0,202.6,34.3,22,6,3,,178,3.5,USW00024221,"EUGENE MAHLON SWEET AIRPORT, OR US",44.1278,-123.2206,107.6,14-Feb
2014,3,2014.1667,14.9,4.1,9.5,23.3,-2.1,273.3,0,165.9,25.7,19,6,1,,0,3.5,USW00024221,"EUGENE MAHLON SWEET AIRPORT, OR US",44.1278,-123.2206,107.6,14-Mar
2014,4,2014.25,17.4,5,11.2,27.8,1.1,214,0,61.8,11.9,15,0,0,,0,3.2,USW00024221,"EUGENE MAHLON SWEET AIRPORT, OR US",44.1278,-123.2206,107.6,14-Apr
2014,5,2014.3333,21.7,7.3,14.5,31.1,1.7,118.7,1.1,41.8,11.4,12,0,0,,0,2.9,USW00024221,"EUGENE MAHLON SWEET AIRPORT, OR US",44.1278,-123.2206,107.6,14-May
2014,6,2014.4167,23.8,8.8,16.3,29.4,3.9,63.1,2.2,32.8,17,9,1,0,0,0,3.2,USW00024221,"EUGENE MAHLON SWEET AIRPORT, OR US",44.1278,-123.2206,107.6,14-Jun
2014,7,2014.5,30.9,12.3,21.6,36.1,8.3,3.6,103.6,9.4,5.3,4,0,0,0,0,3.2,USW00024221,"EUGENE MAHLON SWEET AIRPORT, OR US",44.1278,-123.2206,107.6,14-Jul
2014,8,2014.5833,31,12.8,21.9,38.3,7.2,0.6,110.9,5,4.1,4,0,0,0,0,2.8,USW00024221,"EUGENE MAHLON SWEET AIRPORT, OR US",44.1278,-123.2206,107.6,14-Aug
2014,9,2014.6667,27.2,10.1,18.6,36.7,6.1,20.8,30,31.8,18.5,7,1,0,0,0,2.8,USW00024221,"EUGENE MAHLON SWEET AIRPORT, OR US",44.1278,-123.2206,107.6,14-Sep
2014,10,2014.75,21.2,9,15.1,30,4.4,104.1,3.6,119.6,31,18,2,1,,0,2.9,USW00024221,"EUGENE MAHLON SWEET AIRPORT, OR US",44.1278,-123.2206,107.6,14-Oct
2014,11,2014.8333,11.3,3.2,7.2,19.4,-6.6,332.7,0,134.2,40.6,15,4,1,,0,3.1,USW00024221,"EUGENE MAHLON SWEET AIRPORT, OR US",44.1278,-123.2206,107.6,14-Nov
2014,12,2014.9167,10,3.6,6.8,16.7,-7.1,356.7,0,179.3,40.6,23,5,1,,0,2.9,USW00024221,"EUGENE MAHLON SWEET AIRPORT, OR US",44.1278,-123.2206,107.6,14-Dec
2015,1,2015,10.4,2.6,6.5,20,-6,367.5,0,60.7,33.8,10,2,1,,0,1.9,USW00024221,"EUGENE MAHLON SWEET AIRPORT, OR US",44.1278,-123.2206,107.6,15-Jan
2015,2,2015.0833,13.8,4.2,9,18.3,-3.2,261,0,105.7,23.1,11,4,0,,0,2.9,USW00024221,"EUGENE MAHLON SWEET AIRPORT, OR US",44.1278,-123.2206,107.6,15-Feb
2015,3,2015.1667,17,4,10.5,22.2,-3.2,242.8,0,80.7,25.9,12,2,1,,0,2.5,USW00024221,"EUGENE MAHLON SWEET AIRPORT, OR US",44.1278,-123.2206,107.6,15-Mar
2015,4,2015.25,16.6,3,9.8,25,0.6,255.2,0,37.4,7.4,12,0,0,,0,2.7,USW00024221,"EUGENE MAHLON SWEET AIRPORT, OR US",44.1278,-123.2206,107.6,15-Apr
2015,5,2015.3333,21.2,7.9,14.5,29.4,2.2,120.1,2.5,24.1,7.6,12,0,0,,0,2.4,USW00024221,"EUGENE MAHLON SWEET AIRPORT, OR US",44.1278,-123.2206,107.6,15-May
2015,6,2015.4167,28.7,10.4,19.5,36.7,5,24.8,60.8,5.8,5.3,2,0,0,0,0,3.3,USW00024221,"EUGENE MAHLON SWEET AIRPORT, OR US",44.1278,-123.2206,107.6,15-Jun
2015,7,2015.5,31.2,12.6,21.9,40.6,8.3,3.1,114.9,1.4,0.8,3,0,0,0,0,3.4,USW00024221,"EUGENE MAHLON SWEET AIRPORT, OR US",44.1278,-123.2206,107.6,15-Jul
2015,8,2015.5833,29.9,12.2,21,37.8,7.2,1.7,85.3,5.8,3,2,0,0,0,0,3.3,USW00024221,"EUGENE MAHLON SWEET AIRPORT, OR US",44.1278,-123.2206,107.6,15-Aug
2015,9,2015.6667,25,8.1,16.6,33.9,3.3,69.8,16.4,19.5,11.9,8,0,0,0,0,3,USW00024221,"EUGENE MAHLON SWEET AIRPORT, OR US",44.1278,-123.2206,107.6,15-Sep
2015,10,2015.75,21.4,7.6,14.5,28.9,0.6,121.5,2.5,62.1,28.7,11,1,1,,0,2.7,USW00024221,"EUGENE MAHLON SWEET AIRPORT, OR US",44.1278,-123.2206,107.6,15-Oct
2015,11,2015.8333,11.3,1.4,6.4,18.3,-8.2,359.4,0,71.2,16.8,16,1,0,,0,3.1,USW00024221,"EUGENE MAHLON SWEET AIRPORT, OR US",44.1278,-123.2206,107.6,15-Nov
2015,12,2015.9167,9.5,3.7,6.6,16.7,-4.3,363.7,0,345.5,41.9,26,11,4,,0,4.3,USW00024221,"EUGENE MAHLON SWEET AIRPORT, OR US",44.1278,-123.2206,107.6,15-Dec