<?xml version="1.0"?>
<!--<!DOCTYPE metadata SYSTEM "http://www.esri.com/metadata/esriprof80.dtd">-->
<metadata xml:lang="en"><Esri><CreaDate>20150723</CreaDate><CreaTime>14041700</CreaTime><SyncOnce>FALSE</SyncOnce><SyncDate>20091109</SyncDate><SyncTime>10104900</SyncTime><ModDate>20091109</ModDate><ModTime>10104900</ModTime><DataProperties><lineage><Process ToolSource="C:\Program Files\ArcGIS\ArcToolbox\Toolboxes\Conversion Tools.tbx\FeatureClassToFeatureClass" Date="20091008" Time="152656">FeatureClassToFeatureClass J:\Projections\NAD83_CONUS\ClimDiv_344_v2.shp "Database Connections\gis on storm-b.sde" NCDC_CLIM_DIVISIONS_DTL07 # "State 'State' true true false 20 Text 0 0 ,First,#,J:\Projections\NAD83_CONUS\ClimDiv_344_v2.shp,State,-1,-1;State_FIPS 'State_FIPS' true true false 2 Text 0 0 ,First,#,J:\Projections\NAD83_CONUS\ClimDiv_344_v2.shp,State_FIPS,-1,-1;CD_2DIG 'CD_2DIG' true true false 4 Text 0 0 ,First,#,J:\Projections\NAD83_CONUS\ClimDiv_344_v2.shp,CD_2DIG,-1,-1;State_CODE 'State_CODE' true true false 4 Short 0 4 ,First,#,J:\Projections\NAD83_CONUS\ClimDiv_344_v2.shp,State_CODE,-1,-1;ClimDiv 'ClimDiv' true true false 4 Short 0 4 ,First,#,J:\Projections\NAD83_CONUS\ClimDiv_344_v2.shp,ClimDiv,-1,-1;CD_New 'CD_New' true true false 4 Short 0 4 ,First,#,J:\Projections\NAD83_CONUS\ClimDiv_344_v2.shp,CD_New,-1,-1;FIPS_CD 'FIPS_CD' true true false 8 Text 0 0 ,First,#,J:\Projections\NAD83_CONUS\ClimDiv_344_v2.shp,FIPS_CD,-1,-1" SDO_NAD83 "Database Connections\gis on storm-b.sde\GIS.NCDC_CLIM_DIVISIONS_DTL07"</Process><Process ToolSource="C:\Program Files\ArcGIS\ArcToolbox\Toolboxes\Conversion Tools.tbx\FeatureClassToFeatureClass" Date="20091016" Time="084557">FeatureClassToFeatureClass "Database Connections\gis on storm-b.sde\GIS.NCDC_CLIM_DIVISIONS_DTL07" "Database Connections\gis on storm (dc).sde" NCDC_CLIM_DIVISIONS_DTL07 # "STATE 'STATE' true true false 20 Text 0 0 ,First,#,Database Connections\gis on storm-b.sde\GIS.NCDC_CLIM_DIVISIONS_DTL07,STATE,-1,-1;STATE_FIPS 'STATE_FIPS' true true false 2 Text 0 0 ,First,#,Database Connections\gis on storm-b.sde\GIS.NCDC_CLIM_DIVISIONS_DTL07,STATE_FIPS,-1,-1;CD_2DIG 'CD_2DIG' true true false 4 Text 0 0 ,First,#,Database Connections\gis on storm-b.sde\GIS.NCDC_CLIM_DIVISIONS_DTL07,CD_2DIG,-1,-1;STATE_CODE 'STATE_CODE' true true false 2 Short 0 4 ,First,#,Database Connections\gis on storm-b.sde\GIS.NCDC_CLIM_DIVISIONS_DTL07,STATE_CODE,-1,-1;CLIMDIV 'CLIMDIV' true true false 2 Short 0 4 ,First,#,Database Connections\gis on storm-b.sde\GIS.NCDC_CLIM_DIVISIONS_DTL07,CLIMDIV,-1,-1;CD_NEW 'CD_NEW' true true false 2 Short 0 4 ,First,#,Database Connections\gis on storm-b.sde\GIS.NCDC_CLIM_DIVISIONS_DTL07,CD_NEW,-1,-1;FIPS_CD 'FIPS_CD' true true false 8 Text 0 0 ,First,#,Database Connections\gis on storm-b.sde\GIS.NCDC_CLIM_DIVISIONS_DTL07,FIPS_CD,-1,-1;SE_ANNO_CAD_DATA 'SE_ANNO_CAD_DATA' true true false 0 Blob 0 0 ,First,#,Database Connections\gis on storm-b.sde\GIS.NCDC_CLIM_DIVISIONS_DTL07,SE_ANNO_CAD_DATA,-1,-1;SHAPE_AREA 'SHAPE_AREA' false false true 0 Double 0 0 ,First,#,Database Connections\gis on storm-b.sde\GIS.NCDC_CLIM_DIVISIONS_DTL07,SHAPE.AREA,-1,-1;SHAPE_LEN 'SHAPE_LEN' false false true 0 Double 0 0 ,First,#,Database Connections\gis on storm-b.sde\GIS.NCDC_CLIM_DIVISIONS_DTL07,SHAPE.LEN,-1,-1" SDO_NAD83 "Database Connections\gis on storm (dc).sde\GIS.NCDC_CLIM_DIVISIONS_DTL07"</Process><Process ToolSource="C:\Program Files\ArcGIS\ArcToolbox\Toolboxes\Conversion Tools.tbx\FeatureClassToFeatureClass" Date="20091109" Time="101303">FeatureClassToFeatureClass "Database Connections\gis on storm (dc).sde\GIS.NCDC_CLIM_DIVISIONS_DTL07" "Database Connections\gis on storm-b.sde" OFFICIAL_CLIM_DIVISIONS # "STATE 'STATE' true true false 20 Text 0 0 ,First,#,Database Connections\gis on storm (dc).sde\GIS.NCDC_CLIM_DIVISIONS_DTL07,STATE,-1,-1;STATE_FIPS 'STATE_FIPS' true true false 2 Text 0 0 ,First,#,Database Connections\gis on storm (dc).sde\GIS.NCDC_CLIM_DIVISIONS_DTL07,STATE_FIPS,-1,-1;CD_2DIG 'CD_2DIG' true true false 4 Text 0 0 ,First,#,Database Connections\gis on storm (dc).sde\GIS.NCDC_CLIM_DIVISIONS_DTL07,CD_2DIG,-1,-1;STATE_CODE 'STATE_CODE' true true false 2 Short 0 4 ,First,#,Database Connections\gis on storm (dc).sde\GIS.NCDC_CLIM_DIVISIONS_DTL07,STATE_CODE,-1,-1;CLIMDIV 'CLIMDIV' true true false 2 Short 0 4 ,First,#,Database Connections\gis on storm (dc).sde\GIS.NCDC_CLIM_DIVISIONS_DTL07,CLIMDIV,-1,-1;CD_NEW 'CD_NEW' true true false 2 Short 0 4 ,First,#,Database Connections\gis on storm (dc).sde\GIS.NCDC_CLIM_DIVISIONS_DTL07,CD_NEW,-1,-1;FIPS_CD 'FIPS_CD' true true false 8 Text 0 0 ,First,#,Database Connections\gis on storm (dc).sde\GIS.NCDC_CLIM_DIVISIONS_DTL07,FIPS_CD,-1,-1;SE_ANNO_CAD_DATA 'SE_ANNO_CAD_DATA' true true false 0 Blob 0 0 ,First,#,Database Connections\gis on storm (dc).sde\GIS.NCDC_CLIM_DIVISIONS_DTL07,SE_ANNO_CAD_DATA,-1,-1;SHAPE_AREA 'SHAPE_AREA' false false true 0 Double 0 0 ,First,#,Database Connections\gis on storm (dc).sde\GIS.NCDC_CLIM_DIVISIONS_DTL07,SHAPE.AREA,-1,-1;SHAPE_LEN 'SHAPE_LEN' false false true 0 Double 0 0 ,First,#,Database Connections\gis on storm (dc).sde\GIS.NCDC_CLIM_DIVISIONS_DTL07,SHAPE.LEN,-1,-1" SDO_NAD83 "Database Connections\gis on storm-b.sde\GIS.OFFICIAL_CLIM_DIVISIONS"</Process><Process ToolSource="C:\Program Files\ArcGIS\Desktop10.0\ArcToolbox\Toolboxes\Data Management Tools.tbx\ChangePrivileges" Date="20110616" Time="154802">ChangePrivileges 'Database Connections\gis on storm-b.sde\GIS.OFFICIAL_CLIM_DIVISIONS';'Database Connections\gis on storm-b.sde\GIS.OFFICIAL_CLIM_REGIONS';'Database Connections\gis on storm-b.sde\GIS.OFFICIAL_COUNTIES';'Database Connections\gis on storm-b.sde\GIS.OFFICIAL_COUNTRIES';'Database Connections\gis on storm-b.sde\GIS.OFFICIAL_HUC_2';'Database Connections\gis on storm-b.sde\GIS.OFFICIAL_HUC_4';'Database Connections\gis on storm-b.sde\GIS.OFFICIAL_HUC_6';'Database Connections\gis on storm-b.sde\GIS.OFFICIAL_HUC_8';'Database Connections\gis on storm-b.sde\GIS.OFFICIAL_STATES';'Database Connections\gis on storm-b.sde\GIS.OFFICIAL_ZIPCODES' gisselect GRANT #</Process></lineage></DataProperties><ArcGISFormat>1.0</ArcGISFormat></Esri><idinfo><native Sync="TRUE">Microsoft Windows XP Version 5.1 (Build 2600) Service Pack 3; ESRI ArcCatalog 9.3.1.3000</native><descript><langdata Sync="TRUE">en</langdata><abstract>REQUIRED: A brief narrative summary of the data set.</abstract><purpose>REQUIRED: A summary of the intentions with which the data set was developed.</purpose></descript><citation><citeinfo><origin>REQUIRED: The name of an organization or individual that developed the data set.</origin><pubdate>REQUIRED: The date when the data set is published or otherwise made available for release.</pubdate><title Sync="TRUE">GIS.OFFICIAL_CLIM_DIVISIONS</title><ftname Sync="TRUE">GIS.OFFICIAL_CLIM_DIVISIONS</ftname><geoform Sync="TRUE">vector digital data</geoform><onlink Sync="TRUE">Server=storm-b.ncdc.noaa.gov; Service=port:5150; User=gis; Version=SDE.DEFAULT</onlink></citeinfo></citation><timeperd><current>REQUIRED: The basis on which the time period of content information is determined.</current><timeinfo><sngdate><caldate>REQUIRED: The year (and optionally month, or month and day) for which the data set corresponds to the ground.</caldate></sngdate></timeinfo></timeperd><status><progress>REQUIRED: The state of the data set.</progress><update>REQUIRED: The frequency with which changes and additions are made to the data set after the initial data set is completed.</update></status><spdom><bounding><westbc Sync="TRUE">-124.733174</westbc><eastbc Sync="TRUE">-66.950005</eastbc><northbc Sync="TRUE">49.384359</northbc><southbc Sync="TRUE">24.543940</southbc></bounding><lboundng><leftbc Sync="TRUE">-124.733174</leftbc><rightbc Sync="TRUE">-66.950005</rightbc><bottombc Sync="TRUE">24.543940</bottombc><topbc Sync="TRUE">49.384359</topbc></lboundng></spdom><keywords><theme><themekt>REQUIRED: Reference to a formally registered thesaurus or a similar authoritative source of theme keywords.</themekt><themekey>REQUIRED: Common-use word or phrase used to describe the subject of the data set.</themekey></theme></keywords><accconst>REQUIRED: Restrictions and legal prerequisites for accessing the data set.</accconst><useconst>REQUIRED: Restrictions and legal prerequisites for using the data set after access is granted.</useconst><natvform Sync="TRUE">SDE Feature Class</natvform></idinfo><dataIdInfo><envirDesc Sync="TRUE">Microsoft Windows XP Version 5.1 (Build 2600) Service Pack 3; ESRI ArcCatalog 9.3.1.3000</envirDesc><dataLang><languageCode Sync="TRUE" value="en"></languageCode></dataLang><idCitation><resTitle Sync="TRUE">GIS.OFFICIAL_CLIM_DIVISIONS</resTitle><presForm><PresFormCd Sync="TRUE" value="005"></PresFormCd></presForm></idCitation><spatRpType><SpatRepTypCd Sync="TRUE" value="001"></SpatRepTypCd></spatRpType><dataExt><geoEle><GeoBndBox esriExtentType="native"><westBL Sync="TRUE">-124.733174</westBL><eastBL Sync="TRUE">-66.950005</eastBL><northBL Sync="TRUE">49.384359</northBL><southBL Sync="TRUE">24.54394</southBL><exTypeCode Sync="TRUE">1</exTypeCode></GeoBndBox></geoEle></dataExt><geoBox esriExtentType="decdegrees"><westBL Sync="TRUE">-124.733174</westBL><eastBL Sync="TRUE">-66.950005</eastBL><northBL Sync="TRUE">49.384359</northBL><southBL Sync="TRUE">24.54394</southBL><exTypeCode Sync="TRUE">1</exTypeCode></geoBox></dataIdInfo><metainfo><langmeta Sync="TRUE">en</langmeta><metstdn Sync="TRUE">FGDC Content Standards for Digital Geospatial Metadata</metstdn><metstdv Sync="TRUE">FGDC-STD-001-1998</metstdv><mettc Sync="TRUE">local time</mettc><metc><cntinfo><cntorgp><cntper>REQUIRED: The person responsible for the metadata information.</cntper><cntorg>REQUIRED: The organization responsible for the metadata information.</cntorg></cntorgp><cntaddr><addrtype>REQUIRED: The mailing and/or physical address for the organization or individual.</addrtype><city>REQUIRED: The city of the address.</city><state>REQUIRED: The state or province of the address.</state><postal>REQUIRED: The ZIP or other postal code of the address.</postal></cntaddr><cntvoice>REQUIRED: The telephone number by which individuals can speak to the organization or individual.</cntvoice></cntinfo></metc><metd Sync="TRUE">20091109</metd><metextns><onlink Sync="TRUE">http://www.esri.com/metadata/esriprof80.html</onlink><metprof Sync="TRUE">ESRI Metadata Profile</metprof></metextns></metainfo><mdLang><languageCode Sync="TRUE" value="en"></languageCode></mdLang><mdStanName Sync="TRUE">ISO 19115 Geographic Information - Metadata</mdStanName><mdStanVer Sync="TRUE">DIS_ESRI1.0</mdStanVer><mdChar><CharSetCd Sync="TRUE" value="004"></CharSetCd></mdChar><mdHrLv><ScopeCd Sync="TRUE" value="005"></ScopeCd></mdHrLv><mdHrLvName Sync="TRUE">dataset</mdHrLvName><distinfo><resdesc Sync="TRUE">Downloadable Data</resdesc><stdorder><digform><digtinfo><transize Sync="TRUE">48.066</transize><dssize Sync="TRUE">48.066</dssize></digtinfo></digform></stdorder></distinfo><distInfo><distributor><distorTran><onLineSrc><orDesc Sync="TRUE">002</orDesc><linkage Sync="TRUE">Server=storm-b.ncdc.noaa.gov; Service=port:5150; User=gis; Version=SDE.DEFAULT</linkage><protocol Sync="TRUE">ArcSDE Connection</protocol></onLineSrc><transSize Sync="TRUE">48.066</transSize></distorTran><distorFormat><formatName Sync="TRUE">SDE Feature Class</formatName></distorFormat></distributor></distInfo><spdoinfo><direct Sync="TRUE">Vector</direct><ptvctinf><esriterm Name="GIS.OFFICIAL_CLIM_DIVISIONS"><efeatyp Sync="TRUE">Simple</efeatyp><efeageom Sync="TRUE">Polygon</efeageom><esritopo Sync="TRUE">FALSE</esritopo><efeacnt Sync="TRUE">0</efeacnt><spindex Sync="TRUE">TRUE</spindex><linrefer Sync="TRUE">FALSE</linrefer></esriterm><sdtsterm Name="GIS.OFFICIAL_CLIM_DIVISIONS"><sdtstype Sync="TRUE">G-polygon</sdtstype><ptvctcnt Sync="TRUE">0</ptvctcnt></sdtsterm></ptvctinf></spdoinfo><spref><horizsys><cordsysn><geogcsn Sync="TRUE">Longitude / Latitude [NAD 83]</geogcsn></cordsysn><geograph><geogunit Sync="TRUE">Decimal Degree</geogunit><latres Sync="TRUE">0.000000</latres><longres Sync="TRUE">0.000000</longres></geograph><geodetic><horizdn Sync="TRUE">NAD 83</horizdn><ellips Sync="TRUE">GRS 80</ellips><semiaxis Sync="TRUE">6378137.000000</semiaxis><denflat Sync="TRUE">298.257222</denflat></geodetic></horizsys><vertdef><altsys><altenc Sync="TRUE">Explicit elevation coordinate included with horizontal coordinates</altenc><altres Sync="TRUE">1.000000</altres></altsys></vertdef></spref><refSysInfo><RefSystem><refSysID><identCode Sync="TRUE">Longitude / Latitude [NAD 83]</identCode></refSysID></RefSystem></refSysInfo><spatRepInfo><VectSpatRep><topLvl><TopoLevCd Sync="TRUE" value="001"></TopoLevCd></topLvl><geometObjs Name="GIS.OFFICIAL_CLIM_DIVISIONS"><geoObjTyp><GeoObjTypCd Sync="TRUE" value="001"></GeoObjTypCd></geoObjTyp><geoObjCnt Sync="TRUE">0</geoObjCnt></geometObjs></VectSpatRep></spatRepInfo><eainfo><detailed Name="GIS.OFFICIAL_CLIM_DIVISIONS"><enttyp><enttypl Sync="TRUE">GIS.OFFICIAL_CLIM_DIVISIONS</enttypl><enttypt Sync="TRUE">Feature Class</enttypt><enttypc Sync="TRUE">0</enttypc></enttyp><attr><attrlabl Sync="TRUE">OBJECTID</attrlabl><attalias Sync="TRUE">OBJECTID</attalias><attrtype Sync="TRUE">OID</attrtype><attwidth Sync="TRUE">4</attwidth><atprecis Sync="TRUE">10</atprecis><attscale Sync="TRUE">0</attscale><attrdef Sync="TRUE">Internal feature number.</attrdef><attrdefs Sync="TRUE">ESRI</attrdefs><attrdomv><udom Sync="TRUE">Sequential unique whole numbers that are automatically generated.</udom></attrdomv></attr><attr><attrlabl Sync="TRUE">Shape</attrlabl><attalias Sync="TRUE">Shape</attalias><attrtype Sync="TRUE">Geometry</attrtype><attwidth Sync="TRUE">4</attwidth><atprecis Sync="TRUE">0</atprecis><attscale Sync="TRUE">0</attscale><attrdef Sync="TRUE">Feature geometry.</attrdef><attrdefs Sync="TRUE">ESRI</attrdefs><attrdomv><udom Sync="TRUE">Coordinates defining the features.</udom></attrdomv></attr><attr><attrlabl Sync="TRUE">State</attrlabl><attalias Sync="TRUE">STATE</attalias><attrtype Sync="TRUE">String</attrtype><attwidth Sync="TRUE">20</attwidth><atprecis Sync="TRUE">0</atprecis><attscale Sync="TRUE">0</attscale></attr><attr><attrlabl Sync="TRUE">State_FIPS</attrlabl><attalias Sync="TRUE">STATE_FIPS</attalias><attrtype Sync="TRUE">String</attrtype><attwidth Sync="TRUE">2</attwidth><atprecis Sync="TRUE">0</atprecis><attscale Sync="TRUE">0</attscale></attr><attr><attrlabl Sync="TRUE">CD_2DIG</attrlabl><attalias Sync="TRUE">CD_2DIG</attalias><attrtype Sync="TRUE">String</attrtype><attwidth Sync="TRUE">4</attwidth><atprecis Sync="TRUE">0</atprecis><attscale Sync="TRUE">0</attscale></attr><attr><attrlabl Sync="TRUE">State_CODE</attrlabl><attalias Sync="TRUE">STATE_CODE</attalias><attrtype Sync="TRUE">SmallInteger</attrtype><attwidth Sync="TRUE">2</attwidth><atprecis Sync="TRUE">4</atprecis><attscale Sync="TRUE">0</attscale></attr><attr><attrlabl Sync="TRUE">ClimDiv</attrlabl><attalias Sync="TRUE">CLIMDIV</attalias><attrtype Sync="TRUE">SmallInteger</attrtype><attwidth Sync="TRUE">2</attwidth><atprecis Sync="TRUE">4</atprecis><attscale Sync="TRUE">0</attscale></attr><attr><attrlabl Sync="TRUE">FIPS_CD</attrlabl><attalias Sync="TRUE">FIPS_CD</attalias><attrtype Sync="TRUE">String</attrtype><attwidth Sync="TRUE">8</attwidth><atprecis Sync="TRUE">0</atprecis><attscale Sync="TRUE">0</attscale></attr><attr><attrlabl Sync="TRUE">CD_New</attrlabl><attalias Sync="TRUE">CD_NEW</attalias><attrtype Sync="TRUE">SmallInteger</attrtype><attwidth Sync="TRUE">2</attwidth><atprecis Sync="TRUE">4</atprecis><attscale Sync="TRUE">0</attscale></attr><attr><attrlabl Sync="TRUE">SE_ANNO_CAD_DATA</attrlabl><attalias Sync="TRUE">SE_ANNO_CAD_DATA</attalias><attrtype Sync="TRUE">Blob</attrtype><attwidth Sync="TRUE">0</attwidth><atprecis Sync="TRUE">0</atprecis><attscale Sync="TRUE">0</attscale></attr><attr><attrlabl Sync="TRUE">SHAPE.AREA</attrlabl><attalias Sync="TRUE">SHAPE.AREA</attalias><attrtype Sync="TRUE">Double</attrtype><attwidth Sync="TRUE">0</attwidth><atprecis Sync="TRUE">0</atprecis><attscale Sync="TRUE">0</attscale></attr><attr><attrlabl Sync="TRUE">SHAPE.LEN</attrlabl><attalias Sync="TRUE">SHAPE.LEN</attalias><attrtype Sync="TRUE">Double</attrtype><attwidth Sync="TRUE">0</attwidth><atprecis Sync="TRUE">0</atprecis><attscale Sync="TRUE">0</attscale></attr></detailed></eainfo><mdDateSt Sync="TRUE">20091109</mdDateSt><dataqual><lineage><procstep><procdesc Sync="TRUE">Dataset copied.</procdesc><srcused Sync="TRUE">C:\Documents and Settings\casey.niemiec\My Documents\Backup - 6-26\ClimDiv\New_ClimDiv</srcused><date Sync="TRUE">20070627</date><time Sync="TRUE">16130100</time></procstep><procstep><procdesc Sync="TRUE">Dataset copied.</procdesc><srcused Sync="TRUE">H:\ClimDiv\New_ClimDiv</srcused><date Sync="TRUE">20070703</date><time Sync="TRUE">14102100</time></procstep><procstep><procdesc Sync="TRUE">Dataset copied.</procdesc><srcused Sync="TRUE">M:\Intern\New_ClimDiv</srcused><date Sync="TRUE">20070718</date><time Sync="TRUE">16295200</time></procstep><procstep><procdesc Sync="TRUE">Dataset copied.</procdesc><srcused Sync="TRUE">H:\ClimDiv\New_ClimDiv</srcused><date Sync="TRUE">20070803</date><time Sync="TRUE">16265900</time></procstep><procstep><procdesc Sync="TRUE">Dataset copied.</procdesc><srcused Sync="TRUE">H:\ClimDiv\ClimDiv_344_v2</srcused><date Sync="TRUE">20070803</date><time Sync="TRUE">16275300</time></procstep><procstep><procdesc Sync="TRUE">Dataset copied.</procdesc><srcused Sync="TRUE"></srcused><date Sync="TRUE">20070803</date><time Sync="TRUE">16404200</time></procstep><procstep><procdesc Sync="TRUE">Dataset moved.</procdesc><srcused Sync="TRUE">M:\Projections\NAD83_CONUS\ClimDiv_344_v2</srcused><procdate Sync="TRUE">20090206</procdate><proctime Sync="TRUE">14160900</proctime></procstep><procstep><procdesc Sync="TRUE">Dataset copied.</procdesc><srcused Sync="TRUE">M:\StnMetadata\Features\ClimDiv_344_v2</srcused><procdate Sync="TRUE">20090206</procdate><proctime Sync="TRUE">14175600</proctime></procstep></lineage></dataqual></metadata>
